info A dev server is already running for this project on port 8081.
info Found Xcode workspace "portal.xcworkspace"
info Launching iPhone 16 Pro max (iOS 26.0)
info Building (using "xcodebuild -workspace portal.xcworkspace -configuration Debug -scheme portal -destination id=D11DFEC1-5A62-46E6-894D-F9BF33B5C0CF")
- Building the app.
- Building the app.....
- Building the app......
- Building the app...
- Building the app....
- Building the app.......
- Building the app.........
- Building the app
- Building the app.........
- Building the app..
- Building the app
- Building the app
- Building the app.
- Building the app......
- Building the app.......
- Building the app
- Building the app...
- Building the app...
- Building the app......
- Building the app........
- Building the app......
- Building the app.......
- Building the app......
- Building the app
- Building the app.....
- Building the app..
- Building the app....
- Building the app.
- Building the app..
- Building the app....
- Building the app..
- Building the app.........
- Building the app
- Building the app..
- Building the app...
- Building the app.....
- Building the app......
- Building the app
- Building the app.
- Building the app..
- Building the app...
- Building the app.........
- Building the app.....
- Building the app......
- Building the app.......
- Building the app........
- Building the app........
- Building the app.........
- Building the app...
- Building the app....
- Building the app........
- Building the app...
- Building the app.......
- Building the app........
- Building the app...
- Building the app.........
- Building the app
- Building the app...
- Building the app....
- Building the app..
- Building the app..
- Building the app....
- Building the app......
- Building the app.
- Building the app.......
- Building the app.......
- Building the app....
- Building the app......
- Building the app.......
- Building the app....
- Building the app
- Building the app........
- Building the app
- Building the app........
- Building the app......
- Building the app.......
- Building the app
- Building the app.
- Building the app...
- Building the app....
- Building the app...
- Building the app....
- Building the app......
- Building the app.......
- Building the app...
- Building the app.........
- Building the app
- Building the app.
- Building the app..
- Building the app
- Building the app.
- Building the app.........
- Building the app........
- Building the app
- Building the app......
- Building the app.........
- Building the app...
- Building the app....
- Building the app....
- Building the app...
- Building the app.........
- Building the app......
- Building the app.......
- Building the app
- Building the app
- Building the app.
- Building the app..
- Building the app......
- Building the app.....
- Building the app...
- Building the app.....
- Building the app.
- Building the app....
- Building the app..
- Building the app......
- Building the app.....
- Building the app
- Building the app.........
- Building the app......
- Building the app........
- Building the app....
- Building the app......
- Building the app........
- Building the app.......
- Building the app......
- Building the app
- Building the app.......
- Building the app.........
- Building the app...
- Building the app.........
- Building the app.
- Building the app
- Building the app........
- Building the app.......
- Building the app........
- Building the app.
- Building the app......
- Building the app......
- Building the app.
- Building the app......
- Building the app..
- Building the app...
- Building the app.
- Building the app.........
- Building the app........
- Building the app
- Building the app.........
- Building the app........
- Building the app....
- Building the app..
- Building the app..
- Building the app..
- Building the app........
- Building the app......
- Building the app..
- Building the app..
- Building the app....
- Building the app....
- Building the app.......
- Building the app.........
- Building the app
- Building the app..
- Building the app.
- Building the app......
- Building the app
- Building the app........
- Building the app.........
- Building the app...
- Building the app.
- Building the app........
- Building the app.....
- Building the app.........
- Building the app.......
- Building the app.......
- Building the app.....
- Building the app.......
- Building the app.....
- Building the app.
- Building the app......
- Building the app.......
- Building the app.
- Building the app...
- Building the app.....
- Building the app...
- Building the app........
- Building the app.......
- Building the app
- Building the app........
- Building the app.........
- Building the app....
- Building the app........
- Building the app...
- Building the app.......
- Building the app.....
- Building the app...
- Building the app
- Building the app
- Building the app....
- Building the app........
- Building the app
- Building the app...
- Building the app......
- Building the app........
- Building the app.........
- Building the app...
- Building the app
- Building the app
- Building the app..
- Building the app...
- Building the app...
- Building the app.......
- Building the app.....
- Building the app...
- Building the app....
- Building the app......
- Building the app
- Building the app....
- Building the app......
- Building the app.......
- Building the app.........
- Building the app.....
- Building the app..
- Building the app.........
- Building the app.......
- Building the app.......
- Building the app.
- Building the app.
- Building the app.........
- Building the app....
- Building the app......
- Building the app.
- Building the app......
- Building the app.......
- Building the app......
- Building the app.......
- Building the app.......
- Building the app........
- Building the app
- Building the app.
- Building the app..
- Building the app...
- Building the app.......
- Building the app........
- Building the app
- Building the app....
- Building the app.....
- Building the app..
- Building the app...
- Building the app...
- Building the app....
- Building the app
- Building the app.
- Building the app.
- Building the app...
- Building the app.......
- Building the app...
- Building the app.....
- Building the app......
- Building the app..
- Building the app...
- Building the app
- Building the app
- Building the app.
- Building the app..
- Building the app
- Building the app.
- Building the app.....
- Building the app.........
- Building the app.....
- Building the app.
- Building the app..
- Building the app.....
- Building the app...
- Building the app
- Building the app..
- Building the app......
- Building the app.......
- Building the app.......
- Building the app.
- Building the app....
- Building the app.....
- Building the app......
- Building the app.........
- Building the app
- Building the app...
- Building the app....
- Building the app......
- Building the app.......
- Building the app
- Building the app.
- Building the app....
- Building the app.....
- Building the app
- Building the app...
- Building the app.....
- Building the app.....
- Building the app...
- Building the app....
- Building the app.........
- Building the app
- Building the app.........
- Building the app
- Building the app..
- Building the app...
- Building the app.....
- Building the app
- Building the app..
- Building the app.......
- Building the app
- Building the app.......
- Building the app.
- Building the app..
- Building the app
- Building the app.
- Building the app
- Building the app.
- Building the app.....
- Building the app......
- Building the app..
- Building the app...
- Building the app.......
- Building the app
- Building the app..
- Building the app..
- Building the app....
- Building the app
- Building the app.....
- Building the app
- Building the app.
- Building the app..
- Building the app.....
- Building the app........
- Building the app.........
- Building the app........
- Building the app...
- Building the app....
- Building the app........
- Building the app
- Building the app.......
- Building the app.........
- Building the app.
- Building the app..
- Building the app.
- Building the app........
- Building the app..
- Building the app..
- Building the app...
- Building the app....
- Building the app.......
- Building the app........
- Building the app.....
- Building the app......
- Building the app..
- Building the app.......
- Building the app........
- Building the app
- Building the app.
- Building the app.
- Building the app..
- Building the app.........
- Building the app
- Building the app.....
- Building the app
- Building the app.
- Building the app..
- Building the app.........
- Building the app
- Building the app
- Building the app........
- Building the app.........
- Building the app...
- Building the app....
- Building the app.........
- Building the app..
- Building the app...
- Building the app.......
- Building the app........
- Building the app.........
- Building the app.........
- Building the app
- Building the app
- Building the app..
- Building the app..
- Building the app...
- Building the app.........
- Building the app
- Building the app.....
- Building the app......
- Building the app.........
- Building the app
- Building the app.
- Building the app..
- Building the app..
- Building the app.........
- Building the app
- Building the app.......
- Building the app
- Building the app.
- Building the app........
- Building the app.........
- Building the app.
- Building the app......
- Building the app.......
- Building the app.....
- Building the app
- Building the app.
- Building the app...
- Building the app....
- Building the app......
- Building the app.......
- Building the app.....
- Building the app......
- Building the app....
- Building the app.........
- Building the app
- Building the app..
- Building the app...
- Building the app....
- Building the app.....
- Building the app..
- Building the app...
- Building the app....
- Building the app..
- Building the app....
- Building the app
- Building the app......
- Building the app........
- Building the app....
- Building the app....
- Building the app.....
- Building the app..
- Building the app......
- Building the app...
- Building the app........
- Building the app
- Building the app.
- Building the app.
- Building the app.........
- Building the app......
- Building the app.......
- Building the app.......
- Building the app
- Building the app.........
- Building the app...
- Building the app..
- Building the app....
- Building the app.....
- Building the app
- Building the app.........
- Building the app......
- Building the app...
- Building the app...
- Building the app
- Building the app....
- Building the app.
- Building the app.......
- Building the app......
- Building the app..
- Building the app.....
- Building the app....
- Building the app......
- Building the app
- Building the app........
- Building the app.........
- Building the app....
- Building the app........
- Building the app.........
- Building the app.........
- Building the app
- Building the app.
- Building the app.
- Building the app.
- Building the app........
- Building the app.
- Building the app.....
- Building the app...
- Building the app
- Building the app.
- Building the app.......
- Building the app....
- Building the app......
- Building the app.
- Building the app....
- Building the app..
- Building the app...
- Building the app....
- Building the app
- Building the app.
- Building the app..
- Building the app.......
- Building the app
- Building the app.
- Building the app........
- Building the app..
- Building the app....
- Building the app.
- Building the app.........
- Building the app.
- Building the app....
- Building the app.
- Building the app...
- Building the app.....
- Building the app......
- Building the app.......
- Building the app........
- Building the app....
- Building the app..
- Building the app
- Building the app.....
- Building the app.......
- Building the app
- Building the app.....
- Building the app.......
- Building the app......
- Building the app.....
- Building the app..
- Building the app...
- Building the app..
- Building the app...
- Building the app.....
- Building the app......
- Building the app
- Building the app..
- Building the app...
- Building the app...
- Building the app.......
- Building the app

info 💡 Tip: Make sure that you have set up your development environment correctly, by running npx react-native doctor. To read more about doctor command visit: https://github.com/react-native-community/cli/blob/main/packages/cli-doctor/README.md#doctor 

error export CLANG_WARN_DOCUMENTATION_COMMENTS\=YES
error export CLANG_WARN_QUOTED_INCLUDE_IN_FRAMEWORK_HEADER\=NO
error export GCC_WARN_UNDECLARED_SELECTOR\=YES
error export VALIDATE_PRODUCT\=NO
error \=non-modular-include-in-framework-module -Wno-trigraphs -Wno-missing-field-initializers -Wno-missing-prototypes -Werror\=return-type -Wdocumentation -Wunreachable-code -Wno-implicit-atomic-properties -Werror\=deprecated-objc-isa-usage -Wno-objc-interface-ivars -Werror\=objc-root-class -Wno-arc-repeated-use-of-weak -Wimplicit-retain-self -Wduplicate-method-match -Wno-missing-braces -Wparentheses -Wswitch -Wunused-function -Wno-unused-label -Wno-unused-parameter -Wunused-variable -Wunused-value -Wempty-body -Wuninitialized -Wconditional-uninitialized -Wno-unknown-pragmas -Wno-shadow -Wno-four-char-constants -Wno-conversion -Wconstant-conversion -Wint-conversion -Wbool-conversion -Wenum-conversion -Wno-float-conversion -Wnon-literal-null-conversion -Wobjc-literal-conversion -Wshorten-64-to-32 -Wpointer-sign -Wno-newline-eof -Wno-selector -Wno-strict-selector-match -Wundeclared-selector -Wdeprecated-implementations -Wno-implicit-fallthrough -fstrict-aliasing -Wprotocol -Wdeprecated-declarations -Wno-sign-conversion -Winfinite-recursion -Wcomma -Wblock-capture-autoreleasing -Wstrict-prototypes -Wno-semicolon-before-method-body -Wunguarded-availability -index-store-path /Users/fazalazim/Library/Developer/Xcode/DerivedData/portal-bakgnsackgonetajcjxmslqbqyuc/Index.noindex/DataStore @/Users/fazalazim/Library/Developer/Xcode/DerivedData/portal-bakgnsackgonetajcjxmslqbqyuc/Build/Intermediates.noindex/Pods.build/Debug-iphonesimulator/StripeApplePay.build/Objects-normal/arm64/e6072d4f65d7061329687fe24e3d63a7-common-args.resp -include /Users/fazalazim/macbook/Shell_pro/Portal_App/ios/Pods/Target\ Support\ Files/StripeApplePay/StripeApplePay-prefix.pch -MMD -MT dependencies -MF /Users/fazalazim/Library/Developer/Xcode/DerivedData/portal-bakgnsackgonetajcjxmslqbqyuc/Build/Intermediates.noindex/Pods.build/Debug-iphonesimulator/StripeApplePay.build/Objects-normal/arm64/StripeApplePay-dummy.d --serialize-diagnostics /Users/fazalazim/Library/Developer/Xcode/DerivedData/portal-bakgnsackgonetajcjxmslqbqyuc/Build/Intermediates.noindex/Pods.build/Debug-iphonesimulator/StripeApplePay.build/Objects-normal/arm64/StripeApplePay-dummy.dia -c /Users/fazalazim/macbook/Shell_pro/Portal_App/ios/Pods/Target\ Support\ Files/StripeApplePay/StripeApplePay-dummy.m -o /Users/fazalazim/Library/Developer/Xcode/DerivedData/portal-bakgnsackgonetajcjxmslqbqyuc/Build/Intermediates.noindex/Pods.build/Debug-iphonesimulator/StripeApplePay.build/Objects-normal/arm64/StripeApplePay-dummy.o -index-unit-output-path /Pods.build/Debug-iphonesimulator/StripeApplePay.build/Objects-normal/arm64/StripeApplePay-dummy.o
error \=non-modular-include-in-framework-module -Wno-trigraphs -Wno-missing-field-initializers -Wno-missing-prototypes -Werror\=return-type -Wdocumentation -Wunreachable-code -Wno-implicit-atomic-properties -Werror\=deprecated-objc-isa-usage -Wno-objc-interface-ivars -Werror\=objc-root-class -Wno-arc-repeated-use-of-weak -Wimplicit-retain-self -Wduplicate-method-match -Wno-missing-braces -Wparentheses -Wswitch -Wunused-function -Wno-unused-label -Wno-unused-parameter -Wunused-variable -Wunused-value -Wempty-body -Wuninitialized -Wconditional-uninitialized -Wno-unknown-pragmas -Wno-shadow -Wno-four-char-constants -Wno-conversion -Wconstant-conversion -Wint-conversion -Wbool-conversion -Wenum-conversion -Wno-float-conversion -Wnon-literal-null-conversion -Wobjc-literal-conversion -Wshorten-64-to-32 -Wpointer-sign -Wno-newline-eof -Wno-selector -Wno-strict-selector-match -Wundeclared-selector -Wdeprecated-implementations -Wno-implicit-fallthrough -fstrict-aliasing -Wprotocol -Wdeprecated-declarations -Wno-sign-conversion -Winfinite-recursion -Wcomma -Wblock-capture-autoreleasing -Wstrict-prototypes -Wno-semicolon-before-method-body -Wunguarded-availability -index-store-path /Users/fazalazim/Library/Developer/Xcode/DerivedData/portal-bakgnsackgonetajcjxmslqbqyuc/Index.noindex/DataStore @/Users/fazalazim/Library/Developer/Xcode/DerivedData/portal-bakgnsackgonetajcjxmslqbqyuc/Build/Intermediates.noindex/Pods.build/Debug-iphonesimulator/StripePayments.build/Objects-normal/arm64/e6072d4f65d7061329687fe24e3d63a7-common-args.resp -include /Users/fazalazim/macbook/Shell_pro/Portal_App/ios/Pods/Target\ Support\ Files/StripePayments/StripePayments-prefix.pch -MMD -MT dependencies -MF /Users/fazalazim/Library/Developer/Xcode/DerivedData/portal-bakgnsackgonetajcjxmslqbqyuc/Build/Intermediates.noindex/Pods.build/Debug-iphonesimulator/StripePayments.build/Objects-normal/arm64/UIView+LayoutSupport.d --serialize-diagnostics /Users/fazalazim/Library/Developer/Xcode/DerivedData/portal-bakgnsackgonetajcjxmslqbqyuc/Build/Intermediates.noindex/Pods.build/Debug-iphonesimulator/StripePayments.build/Objects-normal/arm64/UIView+LayoutSupport.dia -c /Users/fazalazim/macbook/Shell_pro/Portal_App/ios/Pods/StripePayments/Stripe3DS2/Stripe3DS2/UIView+LayoutSupport.m -o /Users/fazalazim/Library/Developer/Xcode/DerivedData/portal-bakgnsackgonetajcjxmslqbqyuc/Build/Intermediates.noindex/Pods.build/Debug-iphonesimulator/StripePayments.build/Objects-normal/arm64/UIView+LayoutSupport.o -index-unit-output-path /Pods.build/Debug-iphonesimulator/StripePayments.build/Objects-normal/arm64/UIView+LayoutSupport.o
error \=non-modular-include-in-framework-module -Wno-trigraphs -Wno-missing-field-initializers -Wno-missing-prototypes -Werror\=return-type -Wdocumentation -Wunreachable-code -Wno-implicit-atomic-properties -Werror\=deprecated-objc-isa-usage -Wno-objc-interface-ivars -Werror\=objc-root-class -Wno-arc-repeated-use-of-weak -Wimplicit-retain-self -Wduplicate-method-match -Wno-missing-braces -Wparentheses -Wswitch -Wunused-function -Wno-unused-label -Wno-unused-parameter -Wunused-variable -Wunused-value -Wempty-body -Wuninitialized -Wconditional-uninitialized -Wno-unknown-pragmas -Wno-shadow -Wno-four-char-constants -Wno-conversion -Wconstant-conversion -Wint-conversion -Wbool-conversion -Wenum-conversion -Wno-float-conversion -Wnon-literal-null-conversion -Wobjc-literal-conversion -Wshorten-64-to-32 -Wpointer-sign -Wno-newline-eof -Wno-selector -Wno-strict-selector-match -Wundeclared-selector -Wdeprecated-implementations -Wno-implicit-fallthrough -fstrict-aliasing -Wprotocol -Wdeprecated-declarations -Wno-sign-conversion -Winfinite-recursion -Wcomma -Wblock-capture-autoreleasing -Wstrict-prototypes -Wno-semicolon-before-method-body -Wunguarded-availability -index-store-path /Users/fazalazim/Library/Developer/Xcode/DerivedData/portal-bakgnsackgonetajcjxmslqbqyuc/Index.noindex/DataStore @/Users/fazalazim/Library/Developer/Xcode/DerivedData/portal-bakgnsackgonetajcjxmslqbqyuc/Build/Intermediates.noindex/Pods.build/Debug-iphonesimulator/StripePayments.build/Objects-normal/arm64/e6072d4f65d7061329687fe24e3d63a7-common-args.resp -include /Users/fazalazim/macbook/Shell_pro/Portal_App/ios/Pods/Target\ Support\ Files/StripePayments/StripePayments-prefix.pch -MMD -MT dependencies -MF /Users/fazalazim/Library/Developer/Xcode/DerivedData/portal-bakgnsackgonetajcjxmslqbqyuc/Build/Intermediates.noindex/Pods.build/Debug-iphonesimulator/StripePayments.build/Objects-normal/arm64/UIViewController+Stripe3DS2.d --serialize-diagnostics /Users/fazalazim/Library/Developer/Xcode/DerivedData/portal-bakgnsackgonetajcjxmslqbqyuc/Build/Intermediates.noindex/Pods.build/Debug-iphonesimulator/StripePayments.build/Objects-normal/arm64/UIViewController+Stripe3DS2.dia -c /Users/fazalazim/macbook/Shell_pro/Portal_App/ios/Pods/StripePayments/Stripe3DS2/Stripe3DS2/UIViewController+Stripe3DS2.m -o /Users/fazalazim/Library/Developer/Xcode/DerivedData/portal-bakgnsackgonetajcjxmslqbqyuc/Build/Intermediates.noindex/Pods.build/Debug-iphonesimulator/StripePayments.build/Objects-normal/arm64/UIViewController+Stripe3DS2.o -index-unit-output-path /Pods.build/Debug-iphonesimulator/StripePayments.build/Objects-normal/arm64/UIViewController+Stripe3DS2.o
error \=non-modular-include-in-framework-module -Wno-trigraphs -Wno-missing-field-initializers -Wno-missing-prototypes -Werror\=return-type -Wdocumentation -Wunreachable-code -Wno-implicit-atomic-properties -Werror\=deprecated-objc-isa-usage -Wno-objc-interface-ivars -Werror\=objc-root-class -Wno-arc-repeated-use-of-weak -Wimplicit-retain-self -Wduplicate-method-match -Wno-missing-braces -Wparentheses -Wswitch -Wunused-function -Wno-unused-label -Wno-unused-parameter -Wunused-variable -Wunused-value -Wempty-body -Wuninitialized -Wconditional-uninitialized -Wno-unknown-pragmas -Wno-shadow -Wno-four-char-constants -Wno-conversion -Wconstant-conversion -Wint-conversion -Wbool-conversion -Wenum-conversion -Wno-float-conversion -Wnon-literal-null-conversion -Wobjc-literal-conversion -Wshorten-64-to-32 -Wpointer-sign -Wno-newline-eof -Wno-selector -Wno-strict-selector-match -Wundeclared-selector -Wdeprecated-implementations -Wno-implicit-fallthrough -fstrict-aliasing -Wprotocol -Wdeprecated-declarations -Wno-sign-conversion -Winfinite-recursion -Wcomma -Wblock-capture-autoreleasing -Wstrict-prototypes -Wno-semicolon-before-method-body -Wunguarded-availability -index-store-path /Users/fazalazim/Library/Developer/Xcode/DerivedData/portal-bakgnsackgonetajcjxmslqbqyuc/Index.noindex/DataStore @/Users/fazalazim/Library/Developer/Xcode/DerivedData/portal-bakgnsackgonetajcjxmslqbqyuc/Build/Intermediates.noindex/Pods.build/Debug-iphonesimulator/StripePayments.build/Objects-normal/arm64/e6072d4f65d7061329687fe24e3d63a7-common-args.resp -include /Users/fazalazim/macbook/Shell_pro/Portal_App/ios/Pods/Target\ Support\ Files/StripePayments/StripePayments-prefix.pch -MMD -MT dependencies -MF /Users/fazalazim/Library/Developer/Xcode/DerivedData/portal-bakgnsackgonetajcjxmslqbqyuc/Build/Intermediates.noindex/Pods.build/Debug-iphonesimulator/StripePayments.build/Objects-normal/arm64/NSData+JWEHelpers.d --serialize-diagnostics /Users/fazalazim/Library/Developer/Xcode/DerivedData/portal-bakgnsackgonetajcjxmslqbqyuc/Build/Intermediates.noindex/Pods.build/Debug-iphonesimulator/StripePayments.build/Objects-normal/arm64/NSData+JWEHelpers.dia -c /Users/fazalazim/macbook/Shell_pro/Portal_App/ios/Pods/StripePayments/Stripe3DS2/Stripe3DS2/NSData+JWEHelpers.m -o /Users/fazalazim/Library/Developer/Xcode/DerivedData/portal-bakgnsackgonetajcjxmslqbqyuc/Build/Intermediates.noindex/Pods.build/Debug-iphonesimulator/StripePayments.build/Objects-normal/arm64/NSData+JWEHelpers.o -index-unit-output-path /Pods.build/Debug-iphonesimulator/StripePayments.build/Objects-normal/arm64/NSData+JWEHelpers.o
error \=non-modular-include-in-framework-module -Wno-trigraphs -Wno-missing-field-initializers -Wno-missing-prototypes -Werror\=return-type -Wdocumentation -Wunreachable-code -Wno-implicit-atomic-properties -Werror\=deprecated-objc-isa-usage -Wno-objc-interface-ivars -Werror\=objc-root-class -Wno-arc-repeated-use-of-weak -Wimplicit-retain-self -Wduplicate-method-match -Wno-missing-braces -Wparentheses -Wswitch -Wunused-function -Wno-unused-label -Wno-unused-parameter -Wunused-variable -Wunused-value -Wempty-body -Wuninitialized -Wconditional-uninitialized -Wno-unknown-pragmas -Wno-shadow -Wno-four-char-constants -Wno-conversion -Wconstant-conversion -Wint-conversion -Wbool-conversion -Wenum-conversion -Wno-float-conversion -Wnon-literal-null-conversion -Wobjc-literal-conversion -Wshorten-64-to-32 -Wpointer-sign -Wno-newline-eof -Wno-selector -Wno-strict-selector-match -Wundeclared-selector -Wdeprecated-implementations -Wno-implicit-fallthrough -fstrict-aliasing -Wprotocol -Wdeprecated-declarations -Wno-sign-conversion -Winfinite-recursion -Wcomma -Wblock-capture-autoreleasing -Wstrict-prototypes -Wno-semicolon-before-method-body -Wunguarded-availability -index-store-path /Users/fazalazim/Library/Developer/Xcode/DerivedData/portal-bakgnsackgonetajcjxmslqbqyuc/Index.noindex/DataStore @/Users/fazalazim/Library/Developer/Xcode/DerivedData/portal-bakgnsackgonetajcjxmslqbqyuc/Build/Intermediates.noindex/Pods.build/Debug-iphonesimulator/StripePayments.build/Objects-normal/arm64/e6072d4f65d7061329687fe24e3d63a7-common-args.resp -include /Users/fazalazim/macbook/Shell_pro/Portal_App/ios/Pods/Target\ Support\ Files/StripePayments/StripePayments-prefix.pch -MMD -MT dependencies -MF /Users/fazalazim/Library/Developer/Xcode/DerivedData/portal-bakgnsackgonetajcjxmslqbqyuc/Build/Intermediates.noindex/Pods.build/Debug-iphonesimulator/StripePayments.build/Objects-normal/arm64/UIColor+ThirteenSupport.d --serialize-diagnostics /Users/fazalazim/Library/Developer/Xcode/DerivedData/portal-bakgnsackgonetajcjxmslqbqyuc/Build/Intermediates.noindex/Pods.build/Debug-iphonesimulator/StripePayments.build/Objects-normal/arm64/UIColor+ThirteenSupport.dia -c /Users/fazalazim/macbook/Shell_pro/Portal_App/ios/Pods/StripePayments/Stripe3DS2/Stripe3DS2/UIColor+ThirteenSupport.m -o /Users/fazalazim/Library/Developer/Xcode/DerivedData/portal-bakgnsackgonetajcjxmslqbqyuc/Build/Intermediates.noindex/Pods.build/Debug-iphonesimulator/StripePayments.build/Objects-normal/arm64/UIColor+ThirteenSupport.o -index-unit-output-path /Pods.build/Debug-iphonesimulator/StripePayments.build/Objects-normal/arm64/UIColor+ThirteenSupport.o
error \=non-modular-include-in-framework-module -Wno-trigraphs -Wno-missing-field-initializers -Wno-missing-prototypes -Werror\=return-type -Wdocumentation -Wunreachable-code -Wno-implicit-atomic-properties -Werror\=deprecated-objc-isa-usage -Wno-objc-interface-ivars -Werror\=objc-root-class -Wno-arc-repeated-use-of-weak -Wimplicit-retain-self -Wduplicate-method-match -Wno-missing-braces -Wparentheses -Wswitch -Wunused-function -Wno-unused-label -Wno-unused-parameter -Wunused-variable -Wunused-value -Wempty-body -Wuninitialized -Wconditional-uninitialized -Wno-unknown-pragmas -Wno-shadow -Wno-four-char-constants -Wno-conversion -Wconstant-conversion -Wint-conversion -Wbool-conversion -Wenum-conversion -Wno-float-conversion -Wnon-literal-null-conversion -Wobjc-literal-conversion -Wshorten-64-to-32 -Wpointer-sign -Wno-newline-eof -Wno-selector -Wno-strict-selector-match -Wundeclared-selector -Wdeprecated-implementations -Wno-implicit-fallthrough -fstrict-aliasing -Wprotocol -Wdeprecated-declarations -Wno-sign-conversion -Winfinite-recursion -Wcomma -Wblock-capture-autoreleasing -Wstrict-prototypes -Wno-semicolon-before-method-body -Wunguarded-availability -index-store-path /Users/fazalazim/Library/Developer/Xcode/DerivedData/portal-bakgnsackgonetajcjxmslqbqyuc/Index.noindex/DataStore @/Users/fazalazim/Library/Developer/Xcode/DerivedData/portal-bakgnsackgonetajcjxmslqbqyuc/Build/Intermediates.noindex/Pods.build/Debug-iphonesimulator/StripePayments.build/Objects-normal/arm64/e6072d4f65d7061329687fe24e3d63a7-common-args.resp -include /Users/fazalazim/macbook/Shell_pro/Portal_App/ios/Pods/Target\ Support\ Files/StripePayments/StripePayments-prefix.pch -MMD -MT dependencies -MF /Users/fazalazim/Library/Developer/Xcode/DerivedData/portal-bakgnsackgonetajcjxmslqbqyuc/Build/Intermediates.noindex/Pods.build/Debug-iphonesimulator/StripePayments.build/Objects-normal/arm64/UIColor+DefaultColors.d --serialize-diagnostics /Users/fazalazim/Library/Developer/Xcode/DerivedData/portal-bakgnsackgonetajcjxmslqbqyuc/Build/Intermediates.noindex/Pods.build/Debug-iphonesimulator/StripePayments.build/Objects-normal/arm64/UIColor+DefaultColors.dia -c /Users/fazalazim/macbook/Shell_pro/Portal_App/ios/Pods/StripePayments/Stripe3DS2/Stripe3DS2/UIColor+DefaultColors.m -o /Users/fazalazim/Library/Developer/Xcode/DerivedData/portal-bakgnsackgonetajcjxmslqbqyuc/Build/Intermediates.noindex/Pods.build/Debug-iphonesimulator/StripePayments.build/Objects-normal/arm64/UIColor+DefaultColors.o -index-unit-output-path /Pods.build/Debug-iphonesimulator/StripePayments.build/Objects-normal/arm64/UIColor+DefaultColors.o
error \=non-modular-include-in-framework-module -Wno-trigraphs -Wno-missing-field-initializers -Wno-missing-prototypes -Werror\=return-type -Wdocumentation -Wunreachable-code -Wno-implicit-atomic-properties -Werror\=deprecated-objc-isa-usage -Wno-objc-interface-ivars -Werror\=objc-root-class -Wno-arc-repeated-use-of-weak -Wimplicit-retain-self -Wduplicate-method-match -Wno-missing-braces -Wparentheses -Wswitch -Wunused-function -Wno-unused-label -Wno-unused-parameter -Wunused-variable -Wunused-value -Wempty-body -Wuninitialized -Wconditional-uninitialized -Wno-unknown-pragmas -Wno-shadow -Wno-four-char-constants -Wno-conversion -Wconstant-conversion -Wint-conversion -Wbool-conversion -Wenum-conversion -Wno-float-conversion -Wnon-literal-null-conversion -Wobjc-literal-conversion -Wshorten-64-to-32 -Wpointer-sign -Wno-newline-eof -Wno-selector -Wno-strict-selector-match -Wundeclared-selector -Wdeprecated-implementations -Wno-implicit-fallthrough -fstrict-aliasing -Wprotocol -Wdeprecated-declarations -Wno-sign-conversion -Winfinite-recursion -Wcomma -Wblock-capture-autoreleasing -Wstrict-prototypes -Wno-semicolon-before-method-body -Wunguarded-availability -index-store-path /Users/fazalazim/Library/Developer/Xcode/DerivedData/portal-bakgnsackgonetajcjxmslqbqyuc/Index.noindex/DataStore @/Users/fazalazim/Library/Developer/Xcode/DerivedData/portal-bakgnsackgonetajcjxmslqbqyuc/Build/Intermediates.noindex/Pods.build/Debug-iphonesimulator/StripePayments.build/Objects-normal/arm64/e6072d4f65d7061329687fe24e3d63a7-common-args.resp -include /Users/fazalazim/macbook/Shell_pro/Portal_App/ios/Pods/Target\ Support\ Files/StripePayments/StripePayments-prefix.pch -MMD -MT dependencies -MF /Users/fazalazim/Library/Developer/Xcode/DerivedData/portal-bakgnsackgonetajcjxmslqbqyuc/Build/Intermediates.noindex/Pods.build/Debug-iphonesimulator/StripePayments.build/Objects-normal/arm64/UIFont+DefaultFonts.d --serialize-diagnostics /Users/fazalazim/Library/Developer/Xcode/DerivedData/portal-bakgnsackgonetajcjxmslqbqyuc/Build/Intermediates.noindex/Pods.build/Debug-iphonesimulator/StripePayments.build/Objects-normal/arm64/UIFont+DefaultFonts.dia -c /Users/fazalazim/macbook/Shell_pro/Portal_App/ios/Pods/StripePayments/Stripe3DS2/Stripe3DS2/UIFont+DefaultFonts.m -o /Users/fazalazim/Library/Developer/Xcode/DerivedData/portal-bakgnsackgonetajcjxmslqbqyuc/Build/Intermediates.noindex/Pods.build/Debug-iphonesimulator/StripePayments.build/Objects-normal/arm64/UIFont+DefaultFonts.o -index-unit-output-path /Pods.build/Debug-iphonesimulator/StripePayments.build/Objects-normal/arm64/UIFont+DefaultFonts.o
error \=non-modular-include-in-framework-module -Wno-trigraphs -Wno-missing-field-initializers -Wno-missing-prototypes -Werror\=return-type -Wdocumentation -Wunreachable-code -Wno-implicit-atomic-properties -Werror\=deprecated-objc-isa-usage -Wno-objc-interface-ivars -Werror\=objc-root-class -Wno-arc-repeated-use-of-weak -Wimplicit-retain-self -Wduplicate-method-match -Wno-missing-braces -Wparentheses -Wswitch -Wunused-function -Wno-unused-label -Wno-unused-parameter -Wunused-variable -Wunused-value -Wempty-body -Wuninitialized -Wconditional-uninitialized -Wno-unknown-pragmas -Wno-shadow -Wno-four-char-constants -Wno-conversion -Wconstant-conversion -Wint-conversion -Wbool-conversion -Wenum-conversion -Wno-float-conversion -Wnon-literal-null-conversion -Wobjc-literal-conversion -Wshorten-64-to-32 -Wpointer-sign -Wno-newline-eof -Wno-selector -Wno-strict-selector-match -Wundeclared-selector -Wdeprecated-implementations -Wno-implicit-fallthrough -fstrict-aliasing -Wprotocol -Wdeprecated-declarations -Wno-sign-conversion -Winfinite-recursion -Wcomma -Wblock-capture-autoreleasing -Wstrict-prototypes -Wno-semicolon-before-method-body -Wunguarded-availability -index-store-path /Users/fazalazim/Library/Developer/Xcode/DerivedData/portal-bakgnsackgonetajcjxmslqbqyuc/Index.noindex/DataStore @/Users/fazalazim/Library/Developer/Xcode/DerivedData/portal-bakgnsackgonetajcjxmslqbqyuc/Build/Intermediates.noindex/Pods.build/Debug-iphonesimulator/StripePayments.build/Objects-normal/arm64/e6072d4f65d7061329687fe24e3d63a7-common-args.resp -include /Users/fazalazim/macbook/Shell_pro/Portal_App/ios/Pods/Target\ Support\ Files/StripePayments/StripePayments-prefix.pch -MMD -MT dependencies -MF /Users/fazalazim/Library/Developer/Xcode/DerivedData/portal-bakgnsackgonetajcjxmslqbqyuc/Build/Intermediates.noindex/Pods.build/Debug-iphonesimulator/StripePayments.build/Objects-normal/arm64/UIButton+CustomInitialization.d --serialize-diagnostics /Users/fazalazim/Library/Developer/Xcode/DerivedData/portal-bakgnsackgonetajcjxmslqbqyuc/Build/Intermediates.noindex/Pods.build/Debug-iphonesimulator/StripePayments.build/Objects-normal/arm64/UIButton+CustomInitialization.dia -c /Users/fazalazim/macbook/Shell_pro/Portal_App/ios/Pods/StripePayments/Stripe3DS2/Stripe3DS2/UIButton+CustomInitialization.m -o /Users/fazalazim/Library/Developer/Xcode/DerivedData/portal-bakgnsackgonetajcjxmslqbqyuc/Build/Intermediates.noindex/Pods.build/Debug-iphonesimulator/StripePayments.build/Objects-normal/arm64/UIButton+CustomInitialization.o -index-unit-output-path /Pods.build/Debug-iphonesimulator/StripePayments.build/Objects-normal/arm64/UIButton+CustomInitialization.o
error \=non-modular-include-in-framework-module -Wno-trigraphs -Wno-missing-field-initializers -Wno-missing-prototypes -Werror\=return-type -Wdocumentation -Wunreachable-code -Wno-implicit-atomic-properties -Werror\=deprecated-objc-isa-usage -Wno-objc-interface-ivars -Werror\=objc-root-class -Wno-arc-repeated-use-of-weak -Wimplicit-retain-self -Wduplicate-method-match -Wno-missing-braces -Wparentheses -Wswitch -Wunused-function -Wno-unused-label -Wno-unused-parameter -Wunused-variable -Wunused-value -Wempty-body -Wuninitialized -Wconditional-uninitialized -Wno-unknown-pragmas -Wno-shadow -Wno-four-char-constants -Wno-conversion -Wconstant-conversion -Wint-conversion -Wbool-conversion -Wenum-conversion -Wno-float-conversion -Wnon-literal-null-conversion -Wobjc-literal-conversion -Wshorten-64-to-32 -Wpointer-sign -Wno-newline-eof -Wno-selector -Wno-strict-selector-match -Wundeclared-selector -Wdeprecated-implementations -Wno-implicit-fallthrough -fstrict-aliasing -Wprotocol -Wdeprecated-declarations -Wno-sign-conversion -Winfinite-recursion -Wcomma -Wblock-capture-autoreleasing -Wstrict-prototypes -Wno-semicolon-before-method-body -Wunguarded-availability -index-store-path /Users/fazalazim/Library/Developer/Xcode/DerivedData/portal-bakgnsackgonetajcjxmslqbqyuc/Index.noindex/DataStore @/Users/fazalazim/Library/Developer/Xcode/DerivedData/portal-bakgnsackgonetajcjxmslqbqyuc/Build/Intermediates.noindex/Pods.build/Debug-iphonesimulator/StripePayments.build/Objects-normal/arm64/e6072d4f65d7061329687fe24e3d63a7-common-args.resp -include /Users/fazalazim/macbook/Shell_pro/Portal_App/ios/Pods/Target\ Support\ Files/StripePayments/StripePayments-prefix.pch -MMD -MT dependencies -MF /Users/fazalazim/Library/Developer/Xcode/DerivedData/portal-bakgnsackgonetajcjxmslqbqyuc/Build/Intermediates.noindex/Pods.build/Debug-iphonesimulator/StripePayments.build/Objects-normal/arm64/StripePayments-dummy.d --serialize-diagnostics /Users/fazalazim/Library/Developer/Xcode/DerivedData/portal-bakgnsackgonetajcjxmslqbqyuc/Build/Intermediates.noindex/Pods.build/Debug-iphonesimulator/StripePayments.build/Objects-normal/arm64/StripePayments-dummy.dia -c /Users/fazalazim/macbook/Shell_pro/Portal_App/ios/Pods/Target\ Support\ Files/StripePayments/StripePayments-dummy.m -o /Users/fazalazim/Library/Developer/Xcode/DerivedData/portal-bakgnsackgonetajcjxmslqbqyuc/Build/Intermediates.noindex/Pods.build/Debug-iphonesimulator/StripePayments.build/Objects-normal/arm64/StripePayments-dummy.o -index-unit-output-path /Pods.build/Debug-iphonesimulator/StripePayments.build/Objects-normal/arm64/StripePayments-dummy.o
error \=non-modular-include-in-framework-module -Wno-trigraphs -Wno-missing-field-initializers -Wno-missing-prototypes -Werror\=return-type -Wdocumentation -Wunreachable-code -Wno-implicit-atomic-properties -Werror\=deprecated-objc-isa-usage -Wno-objc-interface-ivars -Werror\=objc-root-class -Wno-arc-repeated-use-of-weak -Wimplicit-retain-self -Wduplicate-method-match -Wno-missing-braces -Wparentheses -Wswitch -Wunused-function -Wno-unused-label -Wno-unused-parameter -Wunused-variable -Wunused-value -Wempty-body -Wuninitialized -Wconditional-uninitialized -Wno-unknown-pragmas -Wno-shadow -Wno-four-char-constants -Wno-conversion -Wconstant-conversion -Wint-conversion -Wbool-conversion -Wenum-conversion -Wno-float-conversion -Wnon-literal-null-conversion -Wobjc-literal-conversion -Wshorten-64-to-32 -Wpointer-sign -Wno-newline-eof -Wno-selector -Wno-strict-selector-match -Wundeclared-selector -Wdeprecated-implementations -Wno-implicit-fallthrough -fstrict-aliasing -Wprotocol -Wdeprecated-declarations -Wno-sign-conversion -Winfinite-recursion -Wcomma -Wblock-capture-autoreleasing -Wstrict-prototypes -Wno-semicolon-before-method-body -Wunguarded-availability -index-store-path /Users/fazalazim/Library/Developer/Xcode/DerivedData/portal-bakgnsackgonetajcjxmslqbqyuc/Index.noindex/DataStore @/Users/fazalazim/Library/Developer/Xcode/DerivedData/portal-bakgnsackgonetajcjxmslqbqyuc/Build/Intermediates.noindex/Pods.build/Debug-iphonesimulator/StripePayments.build/Objects-normal/arm64/e6072d4f65d7061329687fe24e3d63a7-common-args.resp -include /Users/fazalazim/macbook/Shell_pro/Portal_App/ios/Pods/Target\ Support\ Files/StripePayments/StripePayments-prefix.pch -MMD -MT dependencies -MF /Users/fazalazim/Library/Developer/Xcode/DerivedData/portal-bakgnsackgonetajcjxmslqbqyuc/Build/Intermediates.noindex/Pods.build/Debug-iphonesimulator/StripePayments.build/Objects-normal/arm64/STDSWhitelistView.d --serialize-diagnostics /Users/fazalazim/Library/Developer/Xcode/DerivedData/portal-bakgnsackgonetajcjxmslqbqyuc/Build/Intermediates.noindex/Pods.build/Debug-iphonesimulator/StripePayments.build/Objects-normal/arm64/STDSWhitelistView.dia -c /Users/fazalazim/macbook/Shell_pro/Portal_App/ios/Pods/StripePayments/Stripe3DS2/Stripe3DS2/STDSWhitelistView.m -o /Users/fazalazim/Library/Developer/Xcode/DerivedData/portal-bakgnsackgonetajcjxmslqbqyuc/Build/Intermediates.noindex/Pods.build/Debug-iphonesimulator/StripePayments.build/Objects-normal/arm64/STDSWhitelistView.o -index-unit-output-path /Pods.build/Debug-iphonesimulator/StripePayments.build/Objects-normal/arm64/STDSWhitelistView.o
error \=non-modular-include-in-framework-module -Wno-trigraphs -Wno-missing-field-initializers -Wno-missing-prototypes -Werror\=return-type -Wdocumentation -Wunreachable-code -Wno-implicit-atomic-properties -Werror\=deprecated-objc-isa-usage -Wno-objc-interface-ivars -Werror\=objc-root-class -Wno-arc-repeated-use-of-weak -Wimplicit-retain-self -Wduplicate-method-match -Wno-missing-braces -Wparentheses -Wswitch -Wunused-function -Wno-unused-label -Wno-unused-parameter -Wunused-variable -Wunused-value -Wempty-body -Wuninitialized -Wconditional-uninitialized -Wno-unknown-pragmas -Wno-shadow -Wno-four-char-constants -Wno-conversion -Wconstant-conversion -Wint-conversion -Wbool-conversion -Wenum-conversion -Wno-float-conversion -Wnon-literal-null-conversion -Wobjc-literal-conversion -Wshorten-64-to-32 -Wpointer-sign -Wno-newline-eof -Wno-selector -Wno-strict-selector-match -Wundeclared-selector -Wdeprecated-implementations -Wno-implicit-fallthrough -fstrict-aliasing -Wprotocol -Wdeprecated-declarations -Wno-sign-conversion -Winfinite-recursion -Wcomma -Wblock-capture-autoreleasing -Wstrict-prototypes -Wno-semicolon-before-method-body -Wunguarded-availability -index-store-path /Users/fazalazim/Library/Developer/Xcode/DerivedData/portal-bakgnsackgonetajcjxmslqbqyuc/Index.noindex/DataStore @/Users/fazalazim/Library/Developer/Xcode/DerivedData/portal-bakgnsackgonetajcjxmslqbqyuc/Build/Intermediates.noindex/Pods.build/Debug-iphonesimulator/StripePayments.build/Objects-normal/arm64/e6072d4f65d7061329687fe24e3d63a7-common-args.resp -include /Users/fazalazim/macbook/Shell_pro/Portal_App/ios/Pods/Target\ Support\ Files/StripePayments/StripePayments-prefix.pch -MMD -MT dependencies -MF /Users/fazalazim/Library/Developer/Xcode/DerivedData/portal-bakgnsackgonetajcjxmslqbqyuc/Build/Intermediates.noindex/Pods.build/Debug-iphonesimulator/StripePayments.build/Objects-normal/arm64/STDSWebView.d --serialize-diagnostics /Users/fazalazim/Library/Developer/Xcode/DerivedData/portal-bakgnsackgonetajcjxmslqbqyuc/Build/Intermediates.noindex/Pods.build/Debug-iphonesimulator/StripePayments.build/Objects-normal/arm64/STDSWebView.dia -c /Users/fazalazim/macbook/Shell_pro/Portal_App/ios/Pods/StripePayments/Stripe3DS2/Stripe3DS2/STDSWebView.m -o /Users/fazalazim/Library/Developer/Xcode/DerivedData/portal-bakgnsackgonetajcjxmslqbqyuc/Build/Intermediates.noindex/Pods.build/Debug-iphonesimulator/StripePayments.build/Objects-normal/arm64/STDSWebView.o -index-unit-output-path /Pods.build/Debug-iphonesimulator/StripePayments.build/Objects-normal/arm64/STDSWebView.o
error \=non-modular-include-in-framework-module -Wno-trigraphs -Wno-missing-field-initializers -Wno-missing-prototypes -Werror\=return-type -Wdocumentation -Wunreachable-code -Wno-implicit-atomic-properties -Werror\=deprecated-objc-isa-usage -Wno-objc-interface-ivars -Werror\=objc-root-class -Wno-arc-repeated-use-of-weak -Wimplicit-retain-self -Wduplicate-method-match -Wno-missing-braces -Wparentheses -Wswitch -Wunused-function -Wno-unused-label -Wno-unused-parameter -Wunused-variable -Wunused-value -Wempty-body -Wuninitialized -Wconditional-uninitialized -Wno-unknown-pragmas -Wno-shadow -Wno-four-char-constants -Wno-conversion -Wconstant-conversion -Wint-conversion -Wbool-conversion -Wenum-conversion -Wno-float-conversion -Wnon-literal-null-conversion -Wobjc-literal-conversion -Wshorten-64-to-32 -Wpointer-sign -Wno-newline-eof -Wno-selector -Wno-strict-selector-match -Wundeclared-selector -Wdeprecated-implementations -Wno-implicit-fallthrough -fstrict-aliasing -Wprotocol -Wdeprecated-declarations -Wno-sign-conversion -Winfinite-recursion -Wcomma -Wblock-capture-autoreleasing -Wstrict-prototypes -Wno-semicolon-before-method-body -Wunguarded-availability -index-store-path /Users/fazalazim/Library/Developer/Xcode/DerivedData/portal-bakgnsackgonetajcjxmslqbqyuc/Index.noindex/DataStore @/Users/fazalazim/Library/Developer/Xcode/DerivedData/portal-bakgnsackgonetajcjxmslqbqyuc/Build/Intermediates.noindex/Pods.build/Debug-iphonesimulator/StripePayments.build/Objects-normal/arm64/e6072d4f65d7061329687fe24e3d63a7-common-args.resp -include /Users/fazalazim/macbook/Shell_pro/Portal_App/ios/Pods/Target\ Support\ Files/StripePayments/StripePayments-prefix.pch -MMD -MT dependencies -MF /Users/fazalazim/Library/Developer/Xcode/DerivedData/portal-bakgnsackgonetajcjxmslqbqyuc/Build/Intermediates.noindex/Pods.build/Debug-iphonesimulator/StripePayments.build/Objects-normal/arm64/STDSWarning.d --serialize-diagnostics /Users/fazalazim/Library/Developer/Xcode/DerivedData/portal-bakgnsackgonetajcjxmslqbqyuc/Build/Intermediates.noindex/Pods.build/Debug-iphonesimulator/StripePayments.build/Objects-normal/arm64/STDSWarning.dia -c /Users/fazalazim/macbook/Shell_pro/Portal_App/ios/Pods/StripePayments/Stripe3DS2/Stripe3DS2/include/STDSWarning.m -o /Users/fazalazim/Library/Developer/Xcode/DerivedData/portal-bakgnsackgonetajcjxmslqbqyuc/Build/Intermediates.noindex/Pods.build/Debug-iphonesimulator/StripePayments.build/Objects-normal/arm64/STDSWarning.o -index-unit-output-path /Pods.build/Debug-iphonesimulator/StripePayments.build/Objects-normal/arm64/STDSWarning.o
error \=non-modular-include-in-framework-module -Wno-trigraphs -Wno-missing-field-initializers -Wno-missing-prototypes -Werror\=return-type -Wdocumentation -Wunreachable-code -Wno-implicit-atomic-properties -Werror\=deprecated-objc-isa-usage -Wno-objc-interface-ivars -Werror\=objc-root-class -Wno-arc-repeated-use-of-weak -Wimplicit-retain-self -Wduplicate-method-match -Wno-missing-braces -Wparentheses -Wswitch -Wunused-function -Wno-unused-label -Wno-unused-parameter -Wunused-variable -Wunused-value -Wempty-body -Wuninitialized -Wconditional-uninitialized -Wno-unknown-pragmas -Wno-shadow -Wno-four-char-constants -Wno-conversion -Wconstant-conversion -Wint-conversion -Wbool-conversion -Wenum-conversion -Wno-float-conversion -Wnon-literal-null-conversion -Wobjc-literal-conversion -Wshorten-64-to-32 -Wpointer-sign -Wno-newline-eof -Wno-selector -Wno-strict-selector-match -Wundeclared-selector -Wdeprecated-implementations -Wno-implicit-fallthrough -fstrict-aliasing -Wprotocol -Wdeprecated-declarations -Wno-sign-conversion -Winfinite-recursion -Wcomma -Wblock-capture-autoreleasing -Wstrict-prototypes -Wno-semicolon-before-method-body -Wunguarded-availability -index-store-path /Users/fazalazim/Library/Developer/Xcode/DerivedData/portal-bakgnsackgonetajcjxmslqbqyuc/Index.noindex/DataStore @/Users/fazalazim/Library/Developer/Xcode/DerivedData/portal-bakgnsackgonetajcjxmslqbqyuc/Build/Intermediates.noindex/Pods.build/Debug-iphonesimulator/StripePayments.build/Objects-normal/arm64/e6072d4f65d7061329687fe24e3d63a7-common-args.resp -include /Users/fazalazim/macbook/Shell_pro/Portal_App/ios/Pods/Target\ Support\ Files/StripePayments/StripePayments-prefix.pch -MMD -MT dependencies -MF /Users/fazalazim/Library/Developer/Xcode/DerivedData/portal-bakgnsackgonetajcjxmslqbqyuc/Build/Intermediates.noindex/Pods.build/Debug-iphonesimulator/StripePayments.build/Objects-normal/arm64/STDSUICustomization.d --serialize-diagnostics /Users/fazalazim/Library/Developer/Xcode/DerivedData/portal-bakgnsackgonetajcjxmslqbqyuc/Build/Intermediates.noindex/Pods.build/Debug-iphonesimulator/StripePayments.build/Objects-normal/arm64/STDSUICustomization.dia -c /Users/fazalazim/macbook/Shell_pro/Portal_App/ios/Pods/StripePayments/Stripe3DS2/Stripe3DS2/include/STDSUICustomization.m -o /Users/fazalazim/Library/Developer/Xcode/DerivedData/portal-bakgnsackgonetajcjxmslqbqyuc/Build/Intermediates.noindex/Pods.build/Debug-iphonesimulator/StripePayments.build/Objects-normal/arm64/STDSUICustomization.o -index-unit-output-path /Pods.build/Debug-iphonesimulator/StripePayments.build/Objects-normal/arm64/STDSUICustomization.o
error \=non-modular-include-in-framework-module -Wno-trigraphs -Wno-missing-field-initializers -Wno-missing-prototypes -Werror\=return-type -Wdocumentation -Wunreachable-code -Wno-implicit-atomic-properties -Werror\=deprecated-objc-isa-usage -Wno-objc-interface-ivars -Werror\=objc-root-class -Wno-arc-repeated-use-of-weak -Wimplicit-retain-self -Wduplicate-method-match -Wno-missing-braces -Wparentheses -Wswitch -Wunused-function -Wno-unused-label -Wno-unused-parameter -Wunused-variable -Wunused-value -Wempty-body -Wuninitialized -Wconditional-uninitialized -Wno-unknown-pragmas -Wno-shadow -Wno-four-char-constants -Wno-conversion -Wconstant-conversion -Wint-conversion -Wbool-conversion -Wenum-conversion -Wno-float-conversion -Wnon-literal-null-conversion -Wobjc-literal-conversion -Wshorten-64-to-32 -Wpointer-sign -Wno-newline-eof -Wno-selector -Wno-strict-selector-match -Wundeclared-selector -Wdeprecated-implementations -Wno-implicit-fallthrough -fstrict-aliasing -Wprotocol -Wdeprecated-declarations -Wno-sign-conversion -Winfinite-recursion -Wcomma -Wblock-capture-autoreleasing -Wstrict-prototypes -Wno-semicolon-before-method-body -Wunguarded-availability -index-store-path /Users/fazalazim/Library/Developer/Xcode/DerivedData/portal-bakgnsackgonetajcjxmslqbqyuc/Index.noindex/DataStore @/Users/fazalazim/Library/Developer/Xcode/DerivedData/portal-bakgnsackgonetajcjxmslqbqyuc/Build/Intermediates.noindex/Pods.build/Debug-iphonesimulator/StripePayments.build/Objects-normal/arm64/e6072d4f65d7061329687fe24e3d63a7-common-args.resp -include /Users/fazalazim/macbook/Shell_pro/Portal_App/ios/Pods/Target\ Support\ Files/StripePayments/StripePayments-prefix.pch -MMD -MT dependencies -MF /Users/fazalazim/Library/Developer/Xcode/DerivedData/portal-bakgnsackgonetajcjxmslqbqyuc/Build/Intermediates.noindex/Pods.build/Debug-iphonesimulator/StripePayments.build/Objects-normal/arm64/STDSTransaction.d --serialize-diagnostics /Users/fazalazim/Library/Developer/Xcode/DerivedData/portal-bakgnsackgonetajcjxmslqbqyuc/Build/Intermediates.noindex/Pods.build/Debug-iphonesimulator/StripePayments.build/Objects-normal/arm64/STDSTransaction.dia -c /Users/fazalazim/macbook/Shell_pro/Portal_App/ios/Pods/StripePayments/Stripe3DS2/Stripe3DS2/include/STDSTransaction.m -o /Users/fazalazim/Library/Developer/Xcode/DerivedData/portal-bakgnsackgonetajcjxmslqbqyuc/Build/Intermediates.noindex/Pods.build/Debug-iphonesimulator/StripePayments.build/Objects-normal/arm64/STDSTransaction.o -index-unit-output-path /Pods.build/Debug-iphonesimulator/StripePayments.build/Objects-normal/arm64/STDSTransaction.o
error \=non-modular-include-in-framework-module -Wno-trigraphs -Wno-missing-field-initializers -Wno-missing-prototypes -Werror\=return-type -Wdocumentation -Wunreachable-code -Wno-implicit-atomic-properties -Werror\=deprecated-objc-isa-usage -Wno-objc-interface-ivars -Werror\=objc-root-class -Wno-arc-repeated-use-of-weak -Wimplicit-retain-self -Wduplicate-method-match -Wno-missing-braces -Wparentheses -Wswitch -Wunused-function -Wno-unused-label -Wno-unused-parameter -Wunused-variable -Wunused-value -Wempty-body -Wuninitialized -Wconditional-uninitialized -Wno-unknown-pragmas -Wno-shadow -Wno-four-char-constants -Wno-conversion -Wconstant-conversion -Wint-conversion -Wbool-conversion -Wenum-conversion -Wno-float-conversion -Wnon-literal-null-conversion -Wobjc-literal-conversion -Wshorten-64-to-32 -Wpointer-sign -Wno-newline-eof -Wno-selector -Wno-strict-selector-match -Wundeclared-selector -Wdeprecated-implementations -Wno-implicit-fallthrough -fstrict-aliasing -Wprotocol -Wdeprecated-declarations -Wno-sign-conversion -Winfinite-recursion -Wcomma -Wblock-capture-autoreleasing -Wstrict-prototypes -Wno-semicolon-before-method-body -Wunguarded-availability -index-store-path /Users/fazalazim/Library/Developer/Xcode/DerivedData/portal-bakgnsackgonetajcjxmslqbqyuc/Index.noindex/DataStore @/Users/fazalazim/Library/Developer/Xcode/DerivedData/portal-bakgnsackgonetajcjxmslqbqyuc/Build/Intermediates.noindex/Pods.build/Debug-iphonesimulator/StripePayments.build/Objects-normal/arm64/e6072d4f65d7061329687fe24e3d63a7-common-args.resp -include /Users/fazalazim/macbook/Shell_pro/Portal_App/ios/Pods/Target\ Support\ Files/StripePayments/StripePayments-prefix.pch -MMD -MT dependencies -MF /Users/fazalazim/Library/Developer/Xcode/DerivedData/portal-bakgnsackgonetajcjxmslqbqyuc/Build/Intermediates.noindex/Pods.build/Debug-iphonesimulator/StripePayments.build/Objects-normal/arm64/STDSThreeDSProtocolVersion.d --serialize-diagnostics /Users/fazalazim/Library/Developer/Xcode/DerivedData/portal-bakgnsackgonetajcjxmslqbqyuc/Build/Intermediates.noindex/Pods.build/Debug-iphonesimulator/StripePayments.build/Objects-normal/arm64/STDSThreeDSProtocolVersion.dia -c /Users/fazalazim/macbook/Shell_pro/Portal_App/ios/Pods/StripePayments/Stripe3DS2/Stripe3DS2/STDSThreeDSProtocolVersion.m -o /Users/fazalazim/Library/Developer/Xcode/DerivedData/portal-bakgnsackgonetajcjxmslqbqyuc/Build/Intermediates.noindex/Pods.build/Debug-iphonesimulator/StripePayments.build/Objects-normal/arm64/STDSThreeDSProtocolVersion.o -index-unit-output-path /Pods.build/Debug-iphonesimulator/StripePayments.build/Objects-normal/arm64/STDSThreeDSProtocolVersion.o
error \=non-modular-include-in-framework-module -Wno-trigraphs -Wno-missing-field-initializers -Wno-missing-prototypes -Werror\=return-type -Wdocumentation -Wunreachable-code -Wno-implicit-atomic-properties -Werror\=deprecated-objc-isa-usage -Wno-objc-interface-ivars -Werror\=objc-root-class -Wno-arc-repeated-use-of-weak -Wimplicit-retain-self -Wduplicate-method-match -Wno-missing-braces -Wparentheses -Wswitch -Wunused-function -Wno-unused-label -Wno-unused-parameter -Wunused-variable -Wunused-value -Wempty-body -Wuninitialized -Wconditional-uninitialized -Wno-unknown-pragmas -Wno-shadow -Wno-four-char-constants -Wno-conversion -Wconstant-conversion -Wint-conversion -Wbool-conversion -Wenum-conversion -Wno-float-conversion -Wnon-literal-null-conversion -Wobjc-literal-conversion -Wshorten-64-to-32 -Wpointer-sign -Wno-newline-eof -Wno-selector -Wno-strict-selector-match -Wundeclared-selector -Wdeprecated-implementations -Wno-implicit-fallthrough -fstrict-aliasing -Wprotocol -Wdeprecated-declarations -Wno-sign-conversion -Winfinite-recursion -Wcomma -Wblock-capture-autoreleasing -Wstrict-prototypes -Wno-semicolon-before-method-body -Wunguarded-availability -index-store-path /Users/fazalazim/Library/Developer/Xcode/DerivedData/portal-bakgnsackgonetajcjxmslqbqyuc/Index.noindex/DataStore @/Users/fazalazim/Library/Developer/Xcode/DerivedData/portal-bakgnsackgonetajcjxmslqbqyuc/Build/Intermediates.noindex/Pods.build/Debug-iphonesimulator/StripePayments.build/Objects-normal/arm64/e6072d4f65d7061329687fe24e3d63a7-common-args.resp -include /Users/fazalazim/macbook/Shell_pro/Portal_App/ios/Pods/Target\ Support\ Files/StripePayments/StripePayments-prefix.pch -MMD -MT dependencies -MF /Users/fazalazim/Library/Developer/Xcode/DerivedData/portal-bakgnsackgonetajcjxmslqbqyuc/Build/Intermediates.noindex/Pods.build/Debug-iphonesimulator/StripePayments.build/Objects-normal/arm64/STDSThreeDS2Service.d --serialize-diagnostics /Users/fazalazim/Library/Developer/Xcode/DerivedData/portal-bakgnsackgonetajcjxmslqbqyuc/Build/Intermediates.noindex/Pods.build/Debug-iphonesimulator/StripePayments.build/Objects-normal/arm64/STDSThreeDS2Service.dia -c /Users/fazalazim/macbook/Shell_pro/Portal_App/ios/Pods/StripePayments/Stripe3DS2/Stripe3DS2/include/STDSThreeDS2Service.m -o /Users/fazalazim/Library/Developer/Xcode/DerivedData/portal-bakgnsackgonetajcjxmslqbqyuc/Build/Intermediates.noindex/Pods.build/Debug-iphonesimulator/StripePayments.build/Objects-normal/arm64/STDSThreeDS2Service.o -index-unit-output-path /Pods.build/Debug-iphonesimulator/StripePayments.build/Objects-normal/arm64/STDSThreeDS2Service.o
error \=non-modular-include-in-framework-module -Wno-trigraphs -Wno-missing-field-initializers -Wno-missing-prototypes -Werror\=return-type -Wdocumentation -Wunreachable-code -Wno-implicit-atomic-properties -Werror\=deprecated-objc-isa-usage -Wno-objc-interface-ivars -Werror\=objc-root-class -Wno-arc-repeated-use-of-weak -Wimplicit-retain-self -Wduplicate-method-match -Wno-missing-braces -Wparentheses -Wswitch -Wunused-function -Wno-unused-label -Wno-unused-parameter -Wunused-variable -Wunused-value -Wempty-body -Wuninitialized -Wconditional-uninitialized -Wno-unknown-pragmas -Wno-shadow -Wno-four-char-constants -Wno-conversion -Wconstant-conversion -Wint-conversion -Wbool-conversion -Wenum-conversion -Wno-float-conversion -Wnon-literal-null-conversion -Wobjc-literal-conversion -Wshorten-64-to-32 -Wpointer-sign -Wno-newline-eof -Wno-selector -Wno-strict-selector-match -Wundeclared-selector -Wdeprecated-implementations -Wno-implicit-fallthrough -fstrict-aliasing -Wprotocol -Wdeprecated-declarations -Wno-sign-conversion -Winfinite-recursion -Wcomma -Wblock-capture-autoreleasing -Wstrict-prototypes -Wno-semicolon-before-method-body -Wunguarded-availability -index-store-path /Users/fazalazim/Library/Developer/Xcode/DerivedData/portal-bakgnsackgonetajcjxmslqbqyuc/Index.noindex/DataStore @/Users/fazalazim/Library/Developer/Xcode/DerivedData/portal-bakgnsackgonetajcjxmslqbqyuc/Build/Intermediates.noindex/Pods.build/Debug-iphonesimulator/StripePayments.build/Objects-normal/arm64/e6072d4f65d7061329687fe24e3d63a7-common-args.resp -include /Users/fazalazim/macbook/Shell_pro/Portal_App/ios/Pods/Target\ Support\ Files/StripePayments/StripePayments-prefix.pch -MMD -MT dependencies -MF /Users/fazalazim/Library/Developer/Xcode/DerivedData/portal-bakgnsackgonetajcjxmslqbqyuc/Build/Intermediates.noindex/Pods.build/Debug-iphonesimulator/StripePayments.build/Objects-normal/arm64/STDSTextFieldCustomization.d --serialize-diagnostics /Users/fazalazim/Library/Developer/Xcode/DerivedData/portal-bakgnsackgonetajcjxmslqbqyuc/Build/Intermediates.noindex/Pods.build/Debug-iphonesimulator/StripePayments.build/Objects-normal/arm64/STDSTextFieldCustomization.dia -c /Users/fazalazim/macbook/Shell_pro/Portal_App/ios/Pods/StripePayments/Stripe3DS2/Stripe3DS2/include/STDSTextFieldCustomization.m -o /Users/fazalazim/Library/Developer/Xcode/DerivedData/portal-bakgnsackgonetajcjxmslqbqyuc/Build/Intermediates.noindex/Pods.build/Debug-iphonesimulator/StripePayments.build/Objects-normal/arm64/STDSTextFieldCustomization.o -index-unit-output-path /Pods.build/Debug-iphonesimulator/StripePayments.build/Objects-normal/arm64/STDSTextFieldCustomization.o
error \=non-modular-include-in-framework-module -Wno-trigraphs -Wno-missing-field-initializers -Wno-missing-prototypes -Werror\=return-type -Wdocumentation -Wunreachable-code -Wno-implicit-atomic-properties -Werror\=deprecated-objc-isa-usage -Wno-objc-interface-ivars -Werror\=objc-root-class -Wno-arc-repeated-use-of-weak -Wimplicit-retain-self -Wduplicate-method-match -Wno-missing-braces -Wparentheses -Wswitch -Wunused-function -Wno-unused-label -Wno-unused-parameter -Wunused-variable -Wunused-value -Wempty-body -Wuninitialized -Wconditional-uninitialized -Wno-unknown-pragmas -Wno-shadow -Wno-four-char-constants -Wno-conversion -Wconstant-conversion -Wint-conversion -Wbool-conversion -Wenum-conversion -Wno-float-conversion -Wnon-literal-null-conversion -Wobjc-literal-conversion -Wshorten-64-to-32 -Wpointer-sign -Wno-newline-eof -Wno-selector -Wno-strict-selector-match -Wundeclared-selector -Wdeprecated-implementations -Wno-implicit-fallthrough -fstrict-aliasing -Wprotocol -Wdeprecated-declarations -Wno-sign-conversion -Winfinite-recursion -Wcomma -Wblock-capture-autoreleasing -Wstrict-prototypes -Wno-semicolon-before-method-body -Wunguarded-availability -index-store-path /Users/fazalazim/Library/Developer/Xcode/DerivedData/portal-bakgnsackgonetajcjxmslqbqyuc/Index.noindex/DataStore @/Users/fazalazim/Library/Developer/Xcode/DerivedData/portal-bakgnsackgonetajcjxmslqbqyuc/Build/Intermediates.noindex/Pods.build/Debug-iphonesimulator/StripePayments.build/Objects-normal/arm64/e6072d4f65d7061329687fe24e3d63a7-common-args.resp -include /Users/fazalazim/macbook/Shell_pro/Portal_App/ios/Pods/Target\ Support\ Files/StripePayments/StripePayments-prefix.pch -MMD -MT dependencies -MF /Users/fazalazim/Library/Developer/Xcode/DerivedData/portal-bakgnsackgonetajcjxmslqbqyuc/Build/Intermediates.noindex/Pods.build/Debug-iphonesimulator/StripePayments.build/Objects-normal/arm64/STDSTextChallengeView.d --serialize-diagnostics /Users/fazalazim/Library/Developer/Xcode/DerivedData/portal-bakgnsackgonetajcjxmslqbqyuc/Build/Intermediates.noindex/Pods.build/Debug-iphonesimulator/StripePayments.build/Objects-normal/arm64/STDSTextChallengeView.dia -c /Users/fazalazim/macbook/Shell_pro/Portal_App/ios/Pods/StripePayments/Stripe3DS2/Stripe3DS2/STDSTextChallengeView.m -o /Users/fazalazim/Library/Developer/Xcode/DerivedData/portal-bakgnsackgonetajcjxmslqbqyuc/Build/Intermediates.noindex/Pods.build/Debug-iphonesimulator/StripePayments.build/Objects-normal/arm64/STDSTextChallengeView.o -index-unit-output-path /Pods.build/Debug-iphonesimulator/StripePayments.build/Objects-normal/arm64/STDSTextChallengeView.o
error \=non-modular-include-in-framework-module -Wno-trigraphs -Wno-missing-field-initializers -Wno-missing-prototypes -Werror\=return-type -Wdocumentation -Wunreachable-code -Wno-implicit-atomic-properties -Werror\=deprecated-objc-isa-usage -Wno-objc-interface-ivars -Werror\=objc-root-class -Wno-arc-repeated-use-of-weak -Wimplicit-retain-self -Wduplicate-method-match -Wno-missing-braces -Wparentheses -Wswitch -Wunused-function -Wno-unused-label -Wno-unused-parameter -Wunused-variable -Wunused-value -Wempty-body -Wuninitialized -Wconditional-uninitialized -Wno-unknown-pragmas -Wno-shadow -Wno-four-char-constants -Wno-conversion -Wconstant-conversion -Wint-conversion -Wbool-conversion -Wenum-conversion -Wno-float-conversion -Wnon-literal-null-conversion -Wobjc-literal-conversion -Wshorten-64-to-32 -Wpointer-sign -Wno-newline-eof -Wno-selector -Wno-strict-selector-match -Wundeclared-selector -Wdeprecated-implementations -Wno-implicit-fallthrough -fstrict-aliasing -Wprotocol -Wdeprecated-declarations -Wno-sign-conversion -Winfinite-recursion -Wcomma -Wblock-capture-autoreleasing -Wstrict-prototypes -Wno-semicolon-before-method-body -Wunguarded-availability -index-store-path /Users/fazalazim/Library/Developer/Xcode/DerivedData/portal-bakgnsackgonetajcjxmslqbqyuc/Index.noindex/DataStore @/Users/fazalazim/Library/Developer/Xcode/DerivedData/portal-bakgnsackgonetajcjxmslqbqyuc/Build/Intermediates.noindex/Pods.build/Debug-iphonesimulator/StripePayments.build/Objects-normal/arm64/e6072d4f65d7061329687fe24e3d63a7-common-args.resp -include /Users/fazalazim/macbook/Shell_pro/Portal_App/ios/Pods/Target\ Support\ Files/StripePayments/StripePayments-prefix.pch -MMD -MT dependencies -MF /Users/fazalazim/Library/Developer/Xcode/DerivedData/portal-bakgnsackgonetajcjxmslqbqyuc/Build/Intermediates.noindex/Pods.build/Debug-iphonesimulator/StripePayments.build/Objects-normal/arm64/STDSSynchronousLocationManager.d --serialize-diagnostics /Users/fazalazim/Library/Developer/Xcode/DerivedData/portal-bakgnsackgonetajcjxmslqbqyuc/Build/Intermediates.noindex/Pods.build/Debug-iphonesimulator/StripePayments.build/Objects-normal/arm64/STDSSynchronousLocationManager.dia -c /Users/fazalazim/macbook/Shell_pro/Portal_App/ios/Pods/StripePayments/Stripe3DS2/Stripe3DS2/STDSSynchronousLocationManager.m -o /Users/fazalazim/Library/Developer/Xcode/DerivedData/portal-bakgnsackgonetajcjxmslqbqyuc/Build/Intermediates.noindex/Pods.build/Debug-iphonesimulator/StripePayments.build/Objects-normal/arm64/STDSSynchronousLocationManager.o -index-unit-output-path /Pods.build/Debug-iphonesimulator/StripePayments.build/Objects-normal/arm64/STDSSynchronousLocationManager.o
error \=non-modular-include-in-framework-module -Wno-trigraphs -Wno-missing-field-initializers -Wno-missing-prototypes -Werror\=return-type -Wdocumentation -Wunreachable-code -Wno-implicit-atomic-properties -Werror\=deprecated-objc-isa-usage -Wno-objc-interface-ivars -Werror\=objc-root-class -Wno-arc-repeated-use-of-weak -Wimplicit-retain-self -Wduplicate-method-match -Wno-missing-braces -Wparentheses -Wswitch -Wunused-function -Wno-unused-label -Wno-unused-parameter -Wunused-variable -Wunused-value -Wempty-body -Wuninitialized -Wconditional-uninitialized -Wno-unknown-pragmas -Wno-shadow -Wno-four-char-constants -Wno-conversion -Wconstant-conversion -Wint-conversion -Wbool-conversion -Wenum-conversion -Wno-float-conversion -Wnon-literal-null-conversion -Wobjc-literal-conversion -Wshorten-64-to-32 -Wpointer-sign -Wno-newline-eof -Wno-selector -Wno-strict-selector-match -Wundeclared-selector -Wdeprecated-implementations -Wno-implicit-fallthrough -fstrict-aliasing -Wprotocol -Wdeprecated-declarations -Wno-sign-conversion -Winfinite-recursion -Wcomma -Wblock-capture-autoreleasing -Wstrict-prototypes -Wno-semicolon-before-method-body -Wunguarded-availability -index-store-path /Users/fazalazim/Library/Developer/Xcode/DerivedData/portal-bakgnsackgonetajcjxmslqbqyuc/Index.noindex/DataStore @/Users/fazalazim/Library/Developer/Xcode/DerivedData/portal-bakgnsackgonetajcjxmslqbqyuc/Build/Intermediates.noindex/Pods.build/Debug-iphonesimulator/StripePayments.build/Objects-normal/arm64/e6072d4f65d7061329687fe24e3d63a7-common-args.resp -include /Users/fazalazim/macbook/Shell_pro/Portal_App/ios/Pods/Target\ Support\ Files/StripePayments/StripePayments-prefix.pch -MMD -MT dependencies -MF /Users/fazalazim/Library/Developer/Xcode/DerivedData/portal-bakgnsackgonetajcjxmslqbqyuc/Build/Intermediates.noindex/Pods.build/Debug-iphonesimulator/StripePayments.build/Objects-normal/arm64/STDSSwiftTryCatch.d --serialize-diagnostics /Users/fazalazim/Library/Developer/Xcode/DerivedData/portal-bakgnsackgonetajcjxmslqbqyuc/Build/Intermediates.noindex/Pods.build/Debug-iphonesimulator/StripePayments.build/Objects-normal/arm64/STDSSwiftTryCatch.dia -c /Users/fazalazim/macbook/Shell_pro/Portal_App/ios/Pods/StripePayments/Stripe3DS2/Stripe3DS2/include/STDSSwiftTryCatch.m -o /Users/fazalazim/Library/Developer/Xcode/DerivedData/portal-bakgnsackgonetajcjxmslqbqyuc/Build/Intermediates.noindex/Pods.build/Debug-iphonesimulator/StripePayments.build/Objects-normal/arm64/STDSSwiftTryCatch.o -index-unit-output-path /Pods.build/Debug-iphonesimulator/StripePayments.build/Objects-normal/arm64/STDSSwiftTryCatch.o
error .o /Users/fazalazim/macbook/Shell_pro/Portal_App/ios/Pods/StripePayments/Stripe3DS2/Stripe3DS2/include/STDSStripe3DS2Error.m normal arm64 objective-c com.apple.compilers.llvm.clang.1_0.compiler (in target 'StripePayments' from project 'Pods')
error \=non-modular-include-in-framework-module -Wno-trigraphs -Wno-missing-field-initializers -Wno-missing-prototypes -Werror\=return-type -Wdocumentation -Wunreachable-code -Wno-implicit-atomic-properties -Werror\=deprecated-objc-isa-usage -Wno-objc-interface-ivars -Werror\=objc-root-class -Wno-arc-repeated-use-of-weak -Wimplicit-retain-self -Wduplicate-method-match -Wno-missing-braces -Wparentheses -Wswitch -Wunused-function -Wno-unused-label -Wno-unused-parameter -Wunused-variable -Wunused-value -Wempty-body -Wuninitialized -Wconditional-uninitialized -Wno-unknown-pragmas -Wno-shadow -Wno-four-char-constants -Wno-conversion -Wconstant-conversion -Wint-conversion -Wbool-conversion -Wenum-conversion -Wno-float-conversion -Wnon-literal-null-conversion -Wobjc-literal-conversion -Wshorten-64-to-32 -Wpointer-sign -Wno-newline-eof -Wno-selector -Wno-strict-selector-match -Wundeclared-selector -Wdeprecated-implementations -Wno-implicit-fallthrough -fstrict-aliasing -Wprotocol -Wdeprecated-declarations -Wno-sign-conversion -Winfinite-recursion -Wcomma -Wblock-capture-autoreleasing -Wstrict-prototypes -Wno-semicolon-before-method-body -Wunguarded-availability -index-store-path /Users/fazalazim/Library/Developer/Xcode/DerivedData/portal-bakgnsackgonetajcjxmslqbqyuc/Index.noindex/DataStore @/Users/fazalazim/Library/Developer/Xcode/DerivedData/portal-bakgnsackgonetajcjxmslqbqyuc/Build/Intermediates.noindex/Pods.build/Debug-iphonesimulator/StripePayments.build/Objects-normal/arm64/e6072d4f65d7061329687fe24e3d63a7-common-args.resp -include /Users/fazalazim/macbook/Shell_pro/Portal_App/ios/Pods/Target\ Support\ Files/StripePayments/StripePayments-prefix.pch -MMD -MT dependencies -MF /Users/fazalazim/Library/Developer/Xcode/DerivedData/portal-bakgnsackgonetajcjxmslqbqyuc/Build/Intermediates.noindex/Pods.build/Debug-iphonesimulator/StripePayments.build/Objects-normal/arm64/STDSStripe3DS2Error.d --serialize-diagnostics /Users/fazalazim/Library/Developer/Xcode/DerivedData/portal-bakgnsackgonetajcjxmslqbqyuc/Build/Intermediates.noindex/Pods.build/Debug-iphonesimulator/StripePayments.build/Objects-normal/arm64/STDSStripe3DS2Error.dia -c /Users/fazalazim/macbook/Shell_pro/Portal_App/ios/Pods/StripePayments/Stripe3DS2/Stripe3DS2/include/STDSStripe3DS2Error.m -o /Users/fazalazim/Library/Developer/Xcode/DerivedData/portal-bakgnsackgonetajcjxmslqbqyuc/Build/Intermediates.noindex/Pods.build/Debug-iphonesimulator/StripePayments.build/Objects-normal/arm64/STDSStripe3DS2Error.o -index-unit-output-path /Pods.build/Debug-iphonesimulator/StripePayments.build/Objects-normal/arm64/STDSStripe3DS2Error.o
error \=non-modular-include-in-framework-module -Wno-trigraphs -Wno-missing-field-initializers -Wno-missing-prototypes -Werror\=return-type -Wdocumentation -Wunreachable-code -Wno-implicit-atomic-properties -Werror\=deprecated-objc-isa-usage -Wno-objc-interface-ivars -Werror\=objc-root-class -Wno-arc-repeated-use-of-weak -Wimplicit-retain-self -Wduplicate-method-match -Wno-missing-braces -Wparentheses -Wswitch -Wunused-function -Wno-unused-label -Wno-unused-parameter -Wunused-variable -Wunused-value -Wempty-body -Wuninitialized -Wconditional-uninitialized -Wno-unknown-pragmas -Wno-shadow -Wno-four-char-constants -Wno-conversion -Wconstant-conversion -Wint-conversion -Wbool-conversion -Wenum-conversion -Wno-float-conversion -Wnon-literal-null-conversion -Wobjc-literal-conversion -Wshorten-64-to-32 -Wpointer-sign -Wno-newline-eof -Wno-selector -Wno-strict-selector-match -Wundeclared-selector -Wdeprecated-implementations -Wno-implicit-fallthrough -fstrict-aliasing -Wprotocol -Wdeprecated-declarations -Wno-sign-conversion -Winfinite-recursion -Wcomma -Wblock-capture-autoreleasing -Wstrict-prototypes -Wno-semicolon-before-method-body -Wunguarded-availability -index-store-path /Users/fazalazim/Library/Developer/Xcode/DerivedData/portal-bakgnsackgonetajcjxmslqbqyuc/Index.noindex/DataStore @/Users/fazalazim/Library/Developer/Xcode/DerivedData/portal-bakgnsackgonetajcjxmslqbqyuc/Build/Intermediates.noindex/Pods.build/Debug-iphonesimulator/StripePayments.build/Objects-normal/arm64/e6072d4f65d7061329687fe24e3d63a7-common-args.resp -include /Users/fazalazim/macbook/Shell_pro/Portal_App/ios/Pods/Target\ Support\ Files/StripePayments/StripePayments-prefix.pch -MMD -MT dependencies -MF /Users/fazalazim/Library/Developer/Xcode/DerivedData/portal-bakgnsackgonetajcjxmslqbqyuc/Build/Intermediates.noindex/Pods.build/Debug-iphonesimulator/StripePayments.build/Objects-normal/arm64/STDSStackView.d --serialize-diagnostics /Users/fazalazim/Library/Developer/Xcode/DerivedData/portal-bakgnsackgonetajcjxmslqbqyuc/Build/Intermediates.noindex/Pods.build/Debug-iphonesimulator/StripePayments.build/Objects-normal/arm64/STDSStackView.dia -c /Users/fazalazim/macbook/Shell_pro/Portal_App/ios/Pods/StripePayments/Stripe3DS2/Stripe3DS2/STDSStackView.m -o /Users/fazalazim/Library/Developer/Xcode/DerivedData/portal-bakgnsackgonetajcjxmslqbqyuc/Build/Intermediates.noindex/Pods.build/Debug-iphonesimulator/StripePayments.build/Objects-normal/arm64/STDSStackView.o -index-unit-output-path /Pods.build/Debug-iphonesimulator/StripePayments.build/Objects-normal/arm64/STDSStackView.o
error \=non-modular-include-in-framework-module -Wno-trigraphs -Wno-missing-field-initializers -Wno-missing-prototypes -Werror\=return-type -Wdocumentation -Wunreachable-code -Wno-implicit-atomic-properties -Werror\=deprecated-objc-isa-usage -Wno-objc-interface-ivars -Werror\=objc-root-class -Wno-arc-repeated-use-of-weak -Wimplicit-retain-self -Wduplicate-method-match -Wno-missing-braces -Wparentheses -Wswitch -Wunused-function -Wno-unused-label -Wno-unused-parameter -Wunused-variable -Wunused-value -Wempty-body -Wuninitialized -Wconditional-uninitialized -Wno-unknown-pragmas -Wno-shadow -Wno-four-char-constants -Wno-conversion -Wconstant-conversion -Wint-conversion -Wbool-conversion -Wenum-conversion -Wno-float-conversion -Wnon-literal-null-conversion -Wobjc-literal-conversion -Wshorten-64-to-32 -Wpointer-sign -Wno-newline-eof -Wno-selector -Wno-strict-selector-match -Wundeclared-selector -Wdeprecated-implementations -Wno-implicit-fallthrough -fstrict-aliasing -Wprotocol -Wdeprecated-declarations -Wno-sign-conversion -Winfinite-recursion -Wcomma -Wblock-capture-autoreleasing -Wstrict-prototypes -Wno-semicolon-before-method-body -Wunguarded-availability -index-store-path /Users/fazalazim/Library/Developer/Xcode/DerivedData/portal-bakgnsackgonetajcjxmslqbqyuc/Index.noindex/DataStore @/Users/fazalazim/Library/Developer/Xcode/DerivedData/portal-bakgnsackgonetajcjxmslqbqyuc/Build/Intermediates.noindex/Pods.build/Debug-iphonesimulator/StripePayments.build/Objects-normal/arm64/e6072d4f65d7061329687fe24e3d63a7-common-args.resp -include /Users/fazalazim/macbook/Shell_pro/Portal_App/ios/Pods/Target\ Support\ Files/StripePayments/StripePayments-prefix.pch -MMD -MT dependencies -MF /Users/fazalazim/Library/Developer/Xcode/DerivedData/portal-bakgnsackgonetajcjxmslqbqyuc/Build/Intermediates.noindex/Pods.build/Debug-iphonesimulator/StripePayments.build/Objects-normal/arm64/STDSSpacerView.d --serialize-diagnostics /Users/fazalazim/Library/Developer/Xcode/DerivedData/portal-bakgnsackgonetajcjxmslqbqyuc/Build/Intermediates.noindex/Pods.build/Debug-iphonesimulator/StripePayments.build/Objects-normal/arm64/STDSSpacerView.dia -c /Users/fazalazim/macbook/Shell_pro/Portal_App/ios/Pods/StripePayments/Stripe3DS2/Stripe3DS2/STDSSpacerView.m -o /Users/fazalazim/Library/Developer/Xcode/DerivedData/portal-bakgnsackgonetajcjxmslqbqyuc/Build/Intermediates.noindex/Pods.build/Debug-iphonesimulator/StripePayments.build/Objects-normal/arm64/STDSSpacerView.o -index-unit-output-path /Pods.build/Debug-iphonesimulator/StripePayments.build/Objects-normal/arm64/STDSSpacerView.o
error \=non-modular-include-in-framework-module -Wno-trigraphs -Wno-missing-field-initializers -Wno-missing-prototypes -Werror\=return-type -Wdocumentation -Wunreachable-code -Wno-implicit-atomic-properties -Werror\=deprecated-objc-isa-usage -Wno-objc-interface-ivars -Werror\=objc-root-class -Wno-arc-repeated-use-of-weak -Wimplicit-retain-self -Wduplicate-method-match -Wno-missing-braces -Wparentheses -Wswitch -Wunused-function -Wno-unused-label -Wno-unused-parameter -Wunused-variable -Wunused-value -Wempty-body -Wuninitialized -Wconditional-uninitialized -Wno-unknown-pragmas -Wno-shadow -Wno-four-char-constants -Wno-conversion -Wconstant-conversion -Wint-conversion -Wbool-conversion -Wenum-conversion -Wno-float-conversion -Wnon-literal-null-conversion -Wobjc-literal-conversion -Wshorten-64-to-32 -Wpointer-sign -Wno-newline-eof -Wno-selector -Wno-strict-selector-match -Wundeclared-selector -Wdeprecated-implementations -Wno-implicit-fallthrough -fstrict-aliasing -Wprotocol -Wdeprecated-declarations -Wno-sign-conversion -Winfinite-recursion -Wcomma -Wblock-capture-autoreleasing -Wstrict-prototypes -Wno-semicolon-before-method-body -Wunguarded-availability -index-store-path /Users/fazalazim/Library/Developer/Xcode/DerivedData/portal-bakgnsackgonetajcjxmslqbqyuc/Index.noindex/DataStore @/Users/fazalazim/Library/Developer/Xcode/DerivedData/portal-bakgnsackgonetajcjxmslqbqyuc/Build/Intermediates.noindex/Pods.build/Debug-iphonesimulator/StripePayments.build/Objects-normal/arm64/e6072d4f65d7061329687fe24e3d63a7-common-args.resp -include /Users/fazalazim/macbook/Shell_pro/Portal_App/ios/Pods/Target\ Support\ Files/StripePayments/StripePayments-prefix.pch -MMD -MT dependencies -MF /Users/fazalazim/Library/Developer/Xcode/DerivedData/portal-bakgnsackgonetajcjxmslqbqyuc/Build/Intermediates.noindex/Pods.build/Debug-iphonesimulator/StripePayments.build/Objects-normal/arm64/STDSSimulatorChecker.d --serialize-diagnostics /Users/fazalazim/Library/Developer/Xcode/DerivedData/portal-bakgnsackgonetajcjxmslqbqyuc/Build/Intermediates.noindex/Pods.build/Debug-iphonesimulator/StripePayments.build/Objects-normal/arm64/STDSSimulatorChecker.dia -c /Users/fazalazim/macbook/Shell_pro/Portal_App/ios/Pods/StripePayments/Stripe3DS2/Stripe3DS2/STDSSimulatorChecker.m -o /Users/fazalazim/Library/Developer/Xcode/DerivedData/portal-bakgnsackgonetajcjxmslqbqyuc/Build/Intermediates.noindex/Pods.build/Debug-iphonesimulator/StripePayments.build/Objects-normal/arm64/STDSSimulatorChecker.o -index-unit-output-path /Pods.build/Debug-iphonesimulator/StripePayments.build/Objects-normal/arm64/STDSSimulatorChecker.o
error \=non-modular-include-in-framework-module -Wno-trigraphs -Wno-missing-field-initializers -Wno-missing-prototypes -Werror\=return-type -Wdocumentation -Wunreachable-code -Wno-implicit-atomic-properties -Werror\=deprecated-objc-isa-usage -Wno-objc-interface-ivars -Werror\=objc-root-class -Wno-arc-repeated-use-of-weak -Wimplicit-retain-self -Wduplicate-method-match -Wno-missing-braces -Wparentheses -Wswitch -Wunused-function -Wno-unused-label -Wno-unused-parameter -Wunused-variable -Wunused-value -Wempty-body -Wuninitialized -Wconditional-uninitialized -Wno-unknown-pragmas -Wno-shadow -Wno-four-char-constants -Wno-conversion -Wconstant-conversion -Wint-conversion -Wbool-conversion -Wenum-conversion -Wno-float-conversion -Wnon-literal-null-conversion -Wobjc-literal-conversion -Wshorten-64-to-32 -Wpointer-sign -Wno-newline-eof -Wno-selector -Wno-strict-selector-match -Wundeclared-selector -Wdeprecated-implementations -Wno-implicit-fallthrough -fstrict-aliasing -Wprotocol -Wdeprecated-declarations -Wno-sign-conversion -Winfinite-recursion -Wcomma -Wblock-capture-autoreleasing -Wstrict-prototypes -Wno-semicolon-before-method-body -Wunguarded-availability -index-store-path /Users/fazalazim/Library/Developer/Xcode/DerivedData/portal-bakgnsackgonetajcjxmslqbqyuc/Index.noindex/DataStore @/Users/fazalazim/Library/Developer/Xcode/DerivedData/portal-bakgnsackgonetajcjxmslqbqyuc/Build/Intermediates.noindex/Pods.build/Debug-iphonesimulator/StripePayments.build/Objects-normal/arm64/e6072d4f65d7061329687fe24e3d63a7-common-args.resp -include /Users/fazalazim/macbook/Shell_pro/Portal_App/ios/Pods/Target\ Support\ Files/StripePayments/StripePayments-prefix.pch -MMD -MT dependencies -MF /Users/fazalazim/Library/Developer/Xcode/DerivedData/portal-bakgnsackgonetajcjxmslqbqyuc/Build/Intermediates.noindex/Pods.build/Debug-iphonesimulator/StripePayments.build/Objects-normal/arm64/STDSSelectionCustomization.d --serialize-diagnostics /Users/fazalazim/Library/Developer/Xcode/DerivedData/portal-bakgnsackgonetajcjxmslqbqyuc/Build/Intermediates.noindex/Pods.build/Debug-iphonesimulator/StripePayments.build/Objects-normal/arm64/STDSSelectionCustomization.dia -c /Users/fazalazim/macbook/Shell_pro/Portal_App/ios/Pods/StripePayments/Stripe3DS2/Stripe3DS2/include/STDSSelectionCustomization.m -o /Users/fazalazim/Library/Developer/Xcode/DerivedData/portal-bakgnsackgonetajcjxmslqbqyuc/Build/Intermediates.noindex/Pods.build/Debug-iphonesimulator/StripePayments.build/Objects-normal/arm64/STDSSelectionCustomization.o -index-unit-output-path /Pods.build/Debug-iphonesimulator/StripePayments.build/Objects-normal/arm64/STDSSelectionCustomization.o
error \=non-modular-include-in-framework-module -Wno-trigraphs -Wno-missing-field-initializers -Wno-missing-prototypes -Werror\=return-type -Wdocumentation -Wunreachable-code -Wno-implicit-atomic-properties -Werror\=deprecated-objc-isa-usage -Wno-objc-interface-ivars -Werror\=objc-root-class -Wno-arc-repeated-use-of-weak -Wimplicit-retain-self -Wduplicate-method-match -Wno-missing-braces -Wparentheses -Wswitch -Wunused-function -Wno-unused-label -Wno-unused-parameter -Wunused-variable -Wunused-value -Wempty-body -Wuninitialized -Wconditional-uninitialized -Wno-unknown-pragmas -Wno-shadow -Wno-four-char-constants -Wno-conversion -Wconstant-conversion -Wint-conversion -Wbool-conversion -Wenum-conversion -Wno-float-conversion -Wnon-literal-null-conversion -Wobjc-literal-conversion -Wshorten-64-to-32 -Wpointer-sign -Wno-newline-eof -Wno-selector -Wno-strict-selector-match -Wundeclared-selector -Wdeprecated-implementations -Wno-implicit-fallthrough -fstrict-aliasing -Wprotocol -Wdeprecated-declarations -Wno-sign-conversion -Winfinite-recursion -Wcomma -Wblock-capture-autoreleasing -Wstrict-prototypes -Wno-semicolon-before-method-body -Wunguarded-availability -index-store-path /Users/fazalazim/Library/Developer/Xcode/DerivedData/portal-bakgnsackgonetajcjxmslqbqyuc/Index.noindex/DataStore @/Users/fazalazim/Library/Developer/Xcode/DerivedData/portal-bakgnsackgonetajcjxmslqbqyuc/Build/Intermediates.noindex/Pods.build/Debug-iphonesimulator/StripePayments.build/Objects-normal/arm64/e6072d4f65d7061329687fe24e3d63a7-common-args.resp -include /Users/fazalazim/macbook/Shell_pro/Portal_App/ios/Pods/Target\ Support\ Files/StripePayments/StripePayments-prefix.pch -MMD -MT dependencies -MF /Users/fazalazim/Library/Developer/Xcode/DerivedData/portal-bakgnsackgonetajcjxmslqbqyuc/Build/Intermediates.noindex/Pods.build/Debug-iphonesimulator/StripePayments.build/Objects-normal/arm64/STDSSelectionButton.d --serialize-diagnostics /Users/fazalazim/Library/Developer/Xcode/DerivedData/portal-bakgnsackgonetajcjxmslqbqyuc/Build/Intermediates.noindex/Pods.build/Debug-iphonesimulator/StripePayments.build/Objects-normal/arm64/STDSSelectionButton.dia -c /Users/fazalazim/macbook/Shell_pro/Portal_App/ios/Pods/StripePayments/Stripe3DS2/Stripe3DS2/STDSSelectionButton.m -o /Users/fazalazim/Library/Developer/Xcode/DerivedData/portal-bakgnsackgonetajcjxmslqbqyuc/Build/Intermediates.noindex/Pods.build/Debug-iphonesimulator/StripePayments.build/Objects-normal/arm64/STDSSelectionButton.o -index-unit-output-path /Pods.build/Debug-iphonesimulator/StripePayments.build/Objects-normal/arm64/STDSSelectionButton.o
error \=non-modular-include-in-framework-module -Wno-trigraphs -Wno-missing-field-initializers -Wno-missing-prototypes -Werror\=return-type -Wdocumentation -Wunreachable-code -Wno-implicit-atomic-properties -Werror\=deprecated-objc-isa-usage -Wno-objc-interface-ivars -Werror\=objc-root-class -Wno-arc-repeated-use-of-weak -Wimplicit-retain-self -Wduplicate-method-match -Wno-missing-braces -Wparentheses -Wswitch -Wunused-function -Wno-unused-label -Wno-unused-parameter -Wunused-variable -Wunused-value -Wempty-body -Wuninitialized -Wconditional-uninitialized -Wno-unknown-pragmas -Wno-shadow -Wno-four-char-constants -Wno-conversion -Wconstant-conversion -Wint-conversion -Wbool-conversion -Wenum-conversion -Wno-float-conversion -Wnon-literal-null-conversion -Wobjc-literal-conversion -Wshorten-64-to-32 -Wpointer-sign -Wno-newline-eof -Wno-selector -Wno-strict-selector-match -Wundeclared-selector -Wdeprecated-implementations -Wno-implicit-fallthrough -fstrict-aliasing -Wprotocol -Wdeprecated-declarations -Wno-sign-conversion -Winfinite-recursion -Wcomma -Wblock-capture-autoreleasing -Wstrict-prototypes -Wno-semicolon-before-method-body -Wunguarded-availability -index-store-path /Users/fazalazim/Library/Developer/Xcode/DerivedData/portal-bakgnsackgonetajcjxmslqbqyuc/Index.noindex/DataStore @/Users/fazalazim/Library/Developer/Xcode/DerivedData/portal-bakgnsackgonetajcjxmslqbqyuc/Build/Intermediates.noindex/Pods.build/Debug-iphonesimulator/StripePayments.build/Objects-normal/arm64/e6072d4f65d7061329687fe24e3d63a7-common-args.resp -include /Users/fazalazim/macbook/Shell_pro/Portal_App/ios/Pods/Target\ Support\ Files/StripePayments/StripePayments-prefix.pch -MMD -MT dependencies -MF /Users/fazalazim/Library/Developer/Xcode/DerivedData/portal-bakgnsackgonetajcjxmslqbqyuc/Build/Intermediates.noindex/Pods.build/Debug-iphonesimulator/StripePayments.build/Objects-normal/arm64/STDSSecTypeUtilities.d --serialize-diagnostics /Users/fazalazim/Library/Developer/Xcode/DerivedData/portal-bakgnsackgonetajcjxmslqbqyuc/Build/Intermediates.noindex/Pods.build/Debug-iphonesimulator/StripePayments.build/Objects-normal/arm64/STDSSecTypeUtilities.dia -c /Users/fazalazim/macbook/Shell_pro/Portal_App/ios/Pods/StripePayments/Stripe3DS2/Stripe3DS2/STDSSecTypeUtilities.m -o /Users/fazalazim/Library/Developer/Xcode/DerivedData/portal-bakgnsackgonetajcjxmslqbqyuc/Build/Intermediates.noindex/Pods.build/Debug-iphonesimulator/StripePayments.build/Objects-normal/arm64/STDSSecTypeUtilities.o -index-unit-output-path /Pods.build/Debug-iphonesimulator/StripePayments.build/Objects-normal/arm64/STDSSecTypeUtilities.o
error \=non-modular-include-in-framework-module -Wno-trigraphs -Wno-missing-field-initializers -Wno-missing-prototypes -Werror\=return-type -Wdocumentation -Wunreachable-code -Wno-implicit-atomic-properties -Werror\=deprecated-objc-isa-usage -Wno-objc-interface-ivars -Werror\=objc-root-class -Wno-arc-repeated-use-of-weak -Wimplicit-retain-self -Wduplicate-method-match -Wno-missing-braces -Wparentheses -Wswitch -Wunused-function -Wno-unused-label -Wno-unused-parameter -Wunused-variable -Wunused-value -Wempty-body -Wuninitialized -Wconditional-uninitialized -Wno-unknown-pragmas -Wno-shadow -Wno-four-char-constants -Wno-conversion -Wconstant-conversion -Wint-conversion -Wbool-conversion -Wenum-conversion -Wno-float-conversion -Wnon-literal-null-conversion -Wobjc-literal-conversion -Wshorten-64-to-32 -Wpointer-sign -Wno-newline-eof -Wno-selector -Wno-strict-selector-match -Wundeclared-selector -Wdeprecated-implementations -Wno-implicit-fallthrough -fstrict-aliasing -Wprotocol -Wdeprecated-declarations -Wno-sign-conversion -Winfinite-recursion -Wcomma -Wblock-capture-autoreleasing -Wstrict-prototypes -Wno-semicolon-before-method-body -Wunguarded-availability -index-store-path /Users/fazalazim/Library/Developer/Xcode/DerivedData/portal-bakgnsackgonetajcjxmslqbqyuc/Index.noindex/DataStore @/Users/fazalazim/Library/Developer/Xcode/DerivedData/portal-bakgnsackgonetajcjxmslqbqyuc/Build/Intermediates.noindex/Pods.build/Debug-iphonesimulator/StripePayments.build/Objects-normal/arm64/e6072d4f65d7061329687fe24e3d63a7-common-args.resp -include /Users/fazalazim/macbook/Shell_pro/Portal_App/ios/Pods/Target\ Support\ Files/StripePayments/StripePayments-prefix.pch -MMD -MT dependencies -MF /Users/fazalazim/Library/Developer/Xcode/DerivedData/portal-bakgnsackgonetajcjxmslqbqyuc/Build/Intermediates.noindex/Pods.build/Debug-iphonesimulator/StripePayments.build/Objects-normal/arm64/STDSRuntimeException.d --serialize-diagnostics /Users/fazalazim/Library/Developer/Xcode/DerivedData/portal-bakgnsackgonetajcjxmslqbqyuc/Build/Intermediates.noindex/Pods.build/Debug-iphonesimulator/StripePayments.build/Objects-normal/arm64/STDSRuntimeException.dia -c /Users/fazalazim/macbook/Shell_pro/Portal_App/ios/Pods/StripePayments/Stripe3DS2/Stripe3DS2/include/STDSRuntimeException.m -o /Users/fazalazim/Library/Developer/Xcode/DerivedData/portal-bakgnsackgonetajcjxmslqbqyuc/Build/Intermediates.noindex/Pods.build/Debug-iphonesimulator/StripePayments.build/Objects-normal/arm64/STDSRuntimeException.o -index-unit-output-path /Pods.build/Debug-iphonesimulator/StripePayments.build/Objects-normal/arm64/STDSRuntimeException.o
error \=non-modular-include-in-framework-module -Wno-trigraphs -Wno-missing-field-initializers -Wno-missing-prototypes -Werror\=return-type -Wdocumentation -Wunreachable-code -Wno-implicit-atomic-properties -Werror\=deprecated-objc-isa-usage -Wno-objc-interface-ivars -Werror\=objc-root-class -Wno-arc-repeated-use-of-weak -Wimplicit-retain-self -Wduplicate-method-match -Wno-missing-braces -Wparentheses -Wswitch -Wunused-function -Wno-unused-label -Wno-unused-parameter -Wunused-variable -Wunused-value -Wempty-body -Wuninitialized -Wconditional-uninitialized -Wno-unknown-pragmas -Wno-shadow -Wno-four-char-constants -Wno-conversion -Wconstant-conversion -Wint-conversion -Wbool-conversion -Wenum-conversion -Wno-float-conversion -Wnon-literal-null-conversion -Wobjc-literal-conversion -Wshorten-64-to-32 -Wpointer-sign -Wno-newline-eof -Wno-selector -Wno-strict-selector-match -Wundeclared-selector -Wdeprecated-implementations -Wno-implicit-fallthrough -fstrict-aliasing -Wprotocol -Wdeprecated-declarations -Wno-sign-conversion -Winfinite-recursion -Wcomma -Wblock-capture-autoreleasing -Wstrict-prototypes -Wno-semicolon-before-method-body -Wunguarded-availability -index-store-path /Users/fazalazim/Library/Developer/Xcode/DerivedData/portal-bakgnsackgonetajcjxmslqbqyuc/Index.noindex/DataStore @/Users/fazalazim/Library/Developer/Xcode/DerivedData/portal-bakgnsackgonetajcjxmslqbqyuc/Build/Intermediates.noindex/Pods.build/Debug-iphonesimulator/StripePayments.build/Objects-normal/arm64/e6072d4f65d7061329687fe24e3d63a7-common-args.resp -include /Users/fazalazim/macbook/Shell_pro/Portal_App/ios/Pods/Target\ Support\ Files/StripePayments/StripePayments-prefix.pch -MMD -MT dependencies -MF /Users/fazalazim/Library/Developer/Xcode/DerivedData/portal-bakgnsackgonetajcjxmslqbqyuc/Build/Intermediates.noindex/Pods.build/Debug-iphonesimulator/StripePayments.build/Objects-normal/arm64/STDSRuntimeErrorEvent.d --serialize-diagnostics /Users/fazalazim/Library/Developer/Xcode/DerivedData/portal-bakgnsackgonetajcjxmslqbqyuc/Build/Intermediates.noindex/Pods.build/Debug-iphonesimulator/StripePayments.build/Objects-normal/arm64/STDSRuntimeErrorEvent.dia -c /Users/fazalazim/macbook/Shell_pro/Portal_App/ios/Pods/StripePayments/Stripe3DS2/Stripe3DS2/include/STDSRuntimeErrorEvent.m -o /Users/fazalazim/Library/Developer/Xcode/DerivedData/portal-bakgnsackgonetajcjxmslqbqyuc/Build/Intermediates.noindex/Pods.build/Debug-iphonesimulator/StripePayments.build/Objects-normal/arm64/STDSRuntimeErrorEvent.o -index-unit-output-path /Pods.build/Debug-iphonesimulator/StripePayments.build/Objects-normal/arm64/STDSRuntimeErrorEvent.o
error \=non-modular-include-in-framework-module -Wno-trigraphs -Wno-missing-field-initializers -Wno-missing-prototypes -Werror\=return-type -Wdocumentation -Wunreachable-code -Wno-implicit-atomic-properties -Werror\=deprecated-objc-isa-usage -Wno-objc-interface-ivars -Werror\=objc-root-class -Wno-arc-repeated-use-of-weak -Wimplicit-retain-self -Wduplicate-method-match -Wno-missing-braces -Wparentheses -Wswitch -Wunused-function -Wno-unused-label -Wno-unused-parameter -Wunused-variable -Wunused-value -Wempty-body -Wuninitialized -Wconditional-uninitialized -Wno-unknown-pragmas -Wno-shadow -Wno-four-char-constants -Wno-conversion -Wconstant-conversion -Wint-conversion -Wbool-conversion -Wenum-conversion -Wno-float-conversion -Wnon-literal-null-conversion -Wobjc-literal-conversion -Wshorten-64-to-32 -Wpointer-sign -Wno-newline-eof -Wno-selector -Wno-strict-selector-match -Wundeclared-selector -Wdeprecated-implementations -Wno-implicit-fallthrough -fstrict-aliasing -Wprotocol -Wdeprecated-declarations -Wno-sign-conversion -Winfinite-recursion -Wcomma -Wblock-capture-autoreleasing -Wstrict-prototypes -Wno-semicolon-before-method-body -Wunguarded-availability -index-store-path /Users/fazalazim/Library/Developer/Xcode/DerivedData/portal-bakgnsackgonetajcjxmslqbqyuc/Index.noindex/DataStore @/Users/fazalazim/Library/Developer/Xcode/DerivedData/portal-bakgnsackgonetajcjxmslqbqyuc/Build/Intermediates.noindex/Pods.build/Debug-iphonesimulator/StripePayments.build/Objects-normal/arm64/e6072d4f65d7061329687fe24e3d63a7-common-args.resp -include /Users/fazalazim/macbook/Shell_pro/Portal_App/ios/Pods/Target\ Support\ Files/StripePayments/StripePayments-prefix.pch -MMD -MT dependencies -MF /Users/fazalazim/Library/Developer/Xcode/DerivedData/portal-bakgnsackgonetajcjxmslqbqyuc/Build/Intermediates.noindex/Pods.build/Debug-iphonesimulator/StripePayments.build/Objects-normal/arm64/STDSProtocolErrorEvent.d --serialize-diagnostics /Users/fazalazim/Library/Developer/Xcode/DerivedData/portal-bakgnsackgonetajcjxmslqbqyuc/Build/Intermediates.noindex/Pods.build/Debug-iphonesimulator/StripePayments.build/Objects-normal/arm64/STDSProtocolErrorEvent.dia -c /Users/fazalazim/macbook/Shell_pro/Portal_App/ios/Pods/StripePayments/Stripe3DS2/Stripe3DS2/include/STDSProtocolErrorEvent.m -o /Users/fazalazim/Library/Developer/Xcode/DerivedData/portal-bakgnsackgonetajcjxmslqbqyuc/Build/Intermediates.noindex/Pods.build/Debug-iphonesimulator/StripePayments.build/Objects-normal/arm64/STDSProtocolErrorEvent.o -index-unit-output-path /Pods.build/Debug-iphonesimulator/StripePayments.build/Objects-normal/arm64/STDSProtocolErrorEvent.o
error \=non-modular-include-in-framework-module -Wno-trigraphs -Wno-missing-field-initializers -Wno-missing-prototypes -Werror\=return-type -Wdocumentation -Wunreachable-code -Wno-implicit-atomic-properties -Werror\=deprecated-objc-isa-usage -Wno-objc-interface-ivars -Werror\=objc-root-class -Wno-arc-repeated-use-of-weak -Wimplicit-retain-self -Wduplicate-method-match -Wno-missing-braces -Wparentheses -Wswitch -Wunused-function -Wno-unused-label -Wno-unused-parameter -Wunused-variable -Wunused-value -Wempty-body -Wuninitialized -Wconditional-uninitialized -Wno-unknown-pragmas -Wno-shadow -Wno-four-char-constants -Wno-conversion -Wconstant-conversion -Wint-conversion -Wbool-conversion -Wenum-conversion -Wno-float-conversion -Wnon-literal-null-conversion -Wobjc-literal-conversion -Wshorten-64-to-32 -Wpointer-sign -Wno-newline-eof -Wno-selector -Wno-strict-selector-match -Wundeclared-selector -Wdeprecated-implementations -Wno-implicit-fallthrough -fstrict-aliasing -Wprotocol -Wdeprecated-declarations -Wno-sign-conversion -Winfinite-recursion -Wcomma -Wblock-capture-autoreleasing -Wstrict-prototypes -Wno-semicolon-before-method-body -Wunguarded-availability -index-store-path /Users/fazalazim/Library/Developer/Xcode/DerivedData/portal-bakgnsackgonetajcjxmslqbqyuc/Index.noindex/DataStore @/Users/fazalazim/Library/Developer/Xcode/DerivedData/portal-bakgnsackgonetajcjxmslqbqyuc/Build/Intermediates.noindex/Pods.build/Debug-iphonesimulator/StripePayments.build/Objects-normal/arm64/e6072d4f65d7061329687fe24e3d63a7-common-args.resp -include /Users/fazalazim/macbook/Shell_pro/Portal_App/ios/Pods/Target\ Support\ Files/StripePayments/StripePayments-prefix.pch -MMD -MT dependencies -MF /Users/fazalazim/Library/Developer/Xcode/DerivedData/portal-bakgnsackgonetajcjxmslqbqyuc/Build/Intermediates.noindex/Pods.build/Debug-iphonesimulator/StripePayments.build/Objects-normal/arm64/STDSProgressViewController.d --serialize-diagnostics /Users/fazalazim/Library/Developer/Xcode/DerivedData/portal-bakgnsackgonetajcjxmslqbqyuc/Build/Intermediates.noindex/Pods.build/Debug-iphonesimulator/StripePayments.build/Objects-normal/arm64/STDSProgressViewController.dia -c /Users/fazalazim/macbook/Shell_pro/Portal_App/ios/Pods/StripePayments/Stripe3DS2/Stripe3DS2/STDSProgressViewController.m -o /Users/fazalazim/Library/Developer/Xcode/DerivedData/portal-bakgnsackgonetajcjxmslqbqyuc/Build/Intermediates.noindex/Pods.build/Debug-iphonesimulator/StripePayments.build/Objects-normal/arm64/STDSProgressViewController.o -index-unit-output-path /Pods.build/Debug-iphonesimulator/StripePayments.build/Objects-normal/arm64/STDSProgressViewController.o
error \=non-modular-include-in-framework-module -Wno-trigraphs -Wno-missing-field-initializers -Wno-missing-prototypes -Werror\=return-type -Wdocumentation -Wunreachable-code -Wno-implicit-atomic-properties -Werror\=deprecated-objc-isa-usage -Wno-objc-interface-ivars -Werror\=objc-root-class -Wno-arc-repeated-use-of-weak -Wimplicit-retain-self -Wduplicate-method-match -Wno-missing-braces -Wparentheses -Wswitch -Wunused-function -Wno-unused-label -Wno-unused-parameter -Wunused-variable -Wunused-value -Wempty-body -Wuninitialized -Wconditional-uninitialized -Wno-unknown-pragmas -Wno-shadow -Wno-four-char-constants -Wno-conversion -Wconstant-conversion -Wint-conversion -Wbool-conversion -Wenum-conversion -Wno-float-conversion -Wnon-literal-null-conversion -Wobjc-literal-conversion -Wshorten-64-to-32 -Wpointer-sign -Wno-newline-eof -Wno-selector -Wno-strict-selector-match -Wundeclared-selector -Wdeprecated-implementations -Wno-implicit-fallthrough -fstrict-aliasing -Wprotocol -Wdeprecated-declarations -Wno-sign-conversion -Winfinite-recursion -Wcomma -Wblock-capture-autoreleasing -Wstrict-prototypes -Wno-semicolon-before-method-body -Wunguarded-availability -index-store-path /Users/fazalazim/Library/Developer/Xcode/DerivedData/portal-bakgnsackgonetajcjxmslqbqyuc/Index.noindex/DataStore @/Users/fazalazim/Library/Developer/Xcode/DerivedData/portal-bakgnsackgonetajcjxmslqbqyuc/Build/Intermediates.noindex/Pods.build/Debug-iphonesimulator/StripePayments.build/Objects-normal/arm64/e6072d4f65d7061329687fe24e3d63a7-common-args.resp -include /Users/fazalazim/macbook/Shell_pro/Portal_App/ios/Pods/Target\ Support\ Files/StripePayments/StripePayments-prefix.pch -MMD -MT dependencies -MF /Users/fazalazim/Library/Developer/Xcode/DerivedData/portal-bakgnsackgonetajcjxmslqbqyuc/Build/Intermediates.noindex/Pods.build/Debug-iphonesimulator/StripePayments.build/Objects-normal/arm64/STDSProcessingView.d --serialize-diagnostics /Users/fazalazim/Library/Developer/Xcode/DerivedData/portal-bakgnsackgonetajcjxmslqbqyuc/Build/Intermediates.noindex/Pods.build/Debug-iphonesimulator/StripePayments.build/Objects-normal/arm64/STDSProcessingView.dia -c /Users/fazalazim/macbook/Shell_pro/Portal_App/ios/Pods/StripePayments/Stripe3DS2/Stripe3DS2/STDSProcessingView.m -o /Users/fazalazim/Library/Developer/Xcode/DerivedData/portal-bakgnsackgonetajcjxmslqbqyuc/Build/Intermediates.noindex/Pods.build/Debug-iphonesimulator/StripePayments.build/Objects-normal/arm64/STDSProcessingView.o -index-unit-output-path /Pods.build/Debug-iphonesimulator/StripePayments.build/Objects-normal/arm64/STDSProcessingView.o
error \=non-modular-include-in-framework-module -Wno-trigraphs -Wno-missing-field-initializers -Wno-missing-prototypes -Werror\=return-type -Wdocumentation -Wunreachable-code -Wno-implicit-atomic-properties -Werror\=deprecated-objc-isa-usage -Wno-objc-interface-ivars -Werror\=objc-root-class -Wno-arc-repeated-use-of-weak -Wimplicit-retain-self -Wduplicate-method-match -Wno-missing-braces -Wparentheses -Wswitch -Wunused-function -Wno-unused-label -Wno-unused-parameter -Wunused-variable -Wunused-value -Wempty-body -Wuninitialized -Wconditional-uninitialized -Wno-unknown-pragmas -Wno-shadow -Wno-four-char-constants -Wno-conversion -Wconstant-conversion -Wint-conversion -Wbool-conversion -Wenum-conversion -Wno-float-conversion -Wnon-literal-null-conversion -Wobjc-literal-conversion -Wshorten-64-to-32 -Wpointer-sign -Wno-newline-eof -Wno-selector -Wno-strict-selector-match -Wundeclared-selector -Wdeprecated-implementations -Wno-implicit-fallthrough -fstrict-aliasing -Wprotocol -Wdeprecated-declarations -Wno-sign-conversion -Winfinite-recursion -Wcomma -Wblock-capture-autoreleasing -Wstrict-prototypes -Wno-semicolon-before-method-body -Wunguarded-availability -index-store-path /Users/fazalazim/Library/Developer/Xcode/DerivedData/portal-bakgnsackgonetajcjxmslqbqyuc/Index.noindex/DataStore @/Users/fazalazim/Library/Developer/Xcode/DerivedData/portal-bakgnsackgonetajcjxmslqbqyuc/Build/Intermediates.noindex/Pods.build/Debug-iphonesimulator/StripePayments.build/Objects-normal/arm64/e6072d4f65d7061329687fe24e3d63a7-common-args.resp -include /Users/fazalazim/macbook/Shell_pro/Portal_App/ios/Pods/Target\ Support\ Files/StripePayments/StripePayments-prefix.pch -MMD -MT dependencies -MF /Users/fazalazim/Library/Developer/Xcode/DerivedData/portal-bakgnsackgonetajcjxmslqbqyuc/Build/Intermediates.noindex/Pods.build/Debug-iphonesimulator/StripePayments.build/Objects-normal/arm64/STDSOSVersionChecker.d --serialize-diagnostics /Users/fazalazim/Library/Developer/Xcode/DerivedData/portal-bakgnsackgonetajcjxmslqbqyuc/Build/Intermediates.noindex/Pods.build/Debug-iphonesimulator/StripePayments.build/Objects-normal/arm64/STDSOSVersionChecker.dia -c /Users/fazalazim/macbook/Shell_pro/Portal_App/ios/Pods/StripePayments/Stripe3DS2/Stripe3DS2/STDSOSVersionChecker.m -o /Users/fazalazim/Library/Developer/Xcode/DerivedData/portal-bakgnsackgonetajcjxmslqbqyuc/Build/Intermediates.noindex/Pods.build/Debug-iphonesimulator/StripePayments.build/Objects-normal/arm64/STDSOSVersionChecker.o -index-unit-output-path /Pods.build/Debug-iphonesimulator/StripePayments.build/Objects-normal/arm64/STDSOSVersionChecker.o
error \=non-modular-include-in-framework-module -Wno-trigraphs -Wno-missing-field-initializers -Wno-missing-prototypes -Werror\=return-type -Wdocumentation -Wunreachable-code -Wno-implicit-atomic-properties -Werror\=deprecated-objc-isa-usage -Wno-objc-interface-ivars -Werror\=objc-root-class -Wno-arc-repeated-use-of-weak -Wimplicit-retain-self -Wduplicate-method-match -Wno-missing-braces -Wparentheses -Wswitch -Wunused-function -Wno-unused-label -Wno-unused-parameter -Wunused-variable -Wunused-value -Wempty-body -Wuninitialized -Wconditional-uninitialized -Wno-unknown-pragmas -Wno-shadow -Wno-four-char-constants -Wno-conversion -Wconstant-conversion -Wint-conversion -Wbool-conversion -Wenum-conversion -Wno-float-conversion -Wnon-literal-null-conversion -Wobjc-literal-conversion -Wshorten-64-to-32 -Wpointer-sign -Wno-newline-eof -Wno-selector -Wno-strict-selector-match -Wundeclared-selector -Wdeprecated-implementations -Wno-implicit-fallthrough -fstrict-aliasing -Wprotocol -Wdeprecated-declarations -Wno-sign-conversion -Winfinite-recursion -Wcomma -Wblock-capture-autoreleasing -Wstrict-prototypes -Wno-semicolon-before-method-body -Wunguarded-availability -index-store-path /Users/fazalazim/Library/Developer/Xcode/DerivedData/portal-bakgnsackgonetajcjxmslqbqyuc/Index.noindex/DataStore @/Users/fazalazim/Library/Developer/Xcode/DerivedData/portal-bakgnsackgonetajcjxmslqbqyuc/Build/Intermediates.noindex/Pods.build/Debug-iphonesimulator/StripePayments.build/Objects-normal/arm64/e6072d4f65d7061329687fe24e3d63a7-common-args.resp -include /Users/fazalazim/macbook/Shell_pro/Portal_App/ios/Pods/Target\ Support\ Files/StripePayments/StripePayments-prefix.pch -MMD -MT dependencies -MF /Users/fazalazim/Library/Developer/Xcode/DerivedData/portal-bakgnsackgonetajcjxmslqbqyuc/Build/Intermediates.noindex/Pods.build/Debug-iphonesimulator/StripePayments.build/Objects-normal/arm64/STDSNotInitializedException.d --serialize-diagnostics /Users/fazalazim/Library/Developer/Xcode/DerivedData/portal-bakgnsackgonetajcjxmslqbqyuc/Build/Intermediates.noindex/Pods.build/Debug-iphonesimulator/StripePayments.build/Objects-normal/arm64/STDSNotInitializedException.dia -c /Users/fazalazim/macbook/Shell_pro/Portal_App/ios/Pods/StripePayments/Stripe3DS2/Stripe3DS2/include/STDSNotInitializedException.m -o /Users/fazalazim/Library/Developer/Xcode/DerivedData/portal-bakgnsackgonetajcjxmslqbqyuc/Build/Intermediates.noindex/Pods.build/Debug-iphonesimulator/StripePayments.build/Objects-normal/arm64/STDSNotInitializedException.o -index-unit-output-path /Pods.build/Debug-iphonesimulator/StripePayments.build/Objects-normal/arm64/STDSNotInitializedException.o
error \=non-modular-include-in-framework-module -Wno-trigraphs -Wno-missing-field-initializers -Wno-missing-prototypes -Werror\=return-type -Wdocumentation -Wunreachable-code -Wno-implicit-atomic-properties -Werror\=deprecated-objc-isa-usage -Wno-objc-interface-ivars -Werror\=objc-root-class -Wno-arc-repeated-use-of-weak -Wimplicit-retain-self -Wduplicate-method-match -Wno-missing-braces -Wparentheses -Wswitch -Wunused-function -Wno-unused-label -Wno-unused-parameter -Wunused-variable -Wunused-value -Wempty-body -Wuninitialized -Wconditional-uninitialized -Wno-unknown-pragmas -Wno-shadow -Wno-four-char-constants -Wno-conversion -Wconstant-conversion -Wint-conversion -Wbool-conversion -Wenum-conversion -Wno-float-conversion -Wnon-literal-null-conversion -Wobjc-literal-conversion -Wshorten-64-to-32 -Wpointer-sign -Wno-newline-eof -Wno-selector -Wno-strict-selector-match -Wundeclared-selector -Wdeprecated-implementations -Wno-implicit-fallthrough -fstrict-aliasing -Wprotocol -Wdeprecated-declarations -Wno-sign-conversion -Winfinite-recursion -Wcomma -Wblock-capture-autoreleasing -Wstrict-prototypes -Wno-semicolon-before-method-body -Wunguarded-availability -index-store-path /Users/fazalazim/Library/Developer/Xcode/DerivedData/portal-bakgnsackgonetajcjxmslqbqyuc/Index.noindex/DataStore @/Users/fazalazim/Library/Developer/Xcode/DerivedData/portal-bakgnsackgonetajcjxmslqbqyuc/Build/Intermediates.noindex/Pods.build/Debug-iphonesimulator/StripePayments.build/Objects-normal/arm64/e6072d4f65d7061329687fe24e3d63a7-common-args.resp -include /Users/fazalazim/macbook/Shell_pro/Portal_App/ios/Pods/Target\ Support\ Files/StripePayments/StripePayments-prefix.pch -MMD -MT dependencies -MF /Users/fazalazim/Library/Developer/Xcode/DerivedData/portal-bakgnsackgonetajcjxmslqbqyuc/Build/Intermediates.noindex/Pods.build/Debug-iphonesimulator/StripePayments.build/Objects-normal/arm64/STDSNavigationBarCustomization.d --serialize-diagnostics /Users/fazalazim/Library/Developer/Xcode/DerivedData/portal-bakgnsackgonetajcjxmslqbqyuc/Build/Intermediates.noindex/Pods.build/Debug-iphonesimulator/StripePayments.build/Objects-normal/arm64/STDSNavigationBarCustomization.dia -c /Users/fazalazim/macbook/Shell_pro/Portal_App/ios/Pods/StripePayments/Stripe3DS2/Stripe3DS2/include/STDSNavigationBarCustomization.m -o /Users/fazalazim/Library/Developer/Xcode/DerivedData/portal-bakgnsackgonetajcjxmslqbqyuc/Build/Intermediates.noindex/Pods.build/Debug-iphonesimulator/StripePayments.build/Objects-normal/arm64/STDSNavigationBarCustomization.o -index-unit-output-path /Pods.build/Debug-iphonesimulator/StripePayments.build/Objects-normal/arm64/STDSNavigationBarCustomization.o
error \=non-modular-include-in-framework-module -Wno-trigraphs -Wno-missing-field-initializers -Wno-missing-prototypes -Werror\=return-type -Wdocumentation -Wunreachable-code -Wno-implicit-atomic-properties -Werror\=deprecated-objc-isa-usage -Wno-objc-interface-ivars -Werror\=objc-root-class -Wno-arc-repeated-use-of-weak -Wimplicit-retain-self -Wduplicate-method-match -Wno-missing-braces -Wparentheses -Wswitch -Wunused-function -Wno-unused-label -Wno-unused-parameter -Wunused-variable -Wunused-value -Wempty-body -Wuninitialized -Wconditional-uninitialized -Wno-unknown-pragmas -Wno-shadow -Wno-four-char-constants -Wno-conversion -Wconstant-conversion -Wint-conversion -Wbool-conversion -Wenum-conversion -Wno-float-conversion -Wnon-literal-null-conversion -Wobjc-literal-conversion -Wshorten-64-to-32 -Wpointer-sign -Wno-newline-eof -Wno-selector -Wno-strict-selector-match -Wundeclared-selector -Wdeprecated-implementations -Wno-implicit-fallthrough -fstrict-aliasing -Wprotocol -Wdeprecated-declarations -Wno-sign-conversion -Winfinite-recursion -Wcomma -Wblock-capture-autoreleasing -Wstrict-prototypes -Wno-semicolon-before-method-body -Wunguarded-availability -index-store-path /Users/fazalazim/Library/Developer/Xcode/DerivedData/portal-bakgnsackgonetajcjxmslqbqyuc/Index.noindex/DataStore @/Users/fazalazim/Library/Developer/Xcode/DerivedData/portal-bakgnsackgonetajcjxmslqbqyuc/Build/Intermediates.noindex/Pods.build/Debug-iphonesimulator/StripePayments.build/Objects-normal/arm64/e6072d4f65d7061329687fe24e3d63a7-common-args.resp -include /Users/fazalazim/macbook/Shell_pro/Portal_App/ios/Pods/Target\ Support\ Files/StripePayments/StripePayments-prefix.pch -MMD -MT dependencies -MF /Users/fazalazim/Library/Developer/Xcode/DerivedData/portal-bakgnsackgonetajcjxmslqbqyuc/Build/Intermediates.noindex/Pods.build/Debug-iphonesimulator/StripePayments.build/Objects-normal/arm64/STDSLabelCustomization.d --serialize-diagnostics /Users/fazalazim/Library/Developer/Xcode/DerivedData/portal-bakgnsackgonetajcjxmslqbqyuc/Build/Intermediates.noindex/Pods.build/Debug-iphonesimulator/StripePayments.build/Objects-normal/arm64/STDSLabelCustomization.dia -c /Users/fazalazim/macbook/Shell_pro/Portal_App/ios/Pods/StripePayments/Stripe3DS2/Stripe3DS2/include/STDSLabelCustomization.m -o /Users/fazalazim/Library/Developer/Xcode/DerivedData/portal-bakgnsackgonetajcjxmslqbqyuc/Build/Intermediates.noindex/Pods.build/Debug-iphonesimulator/StripePayments.build/Objects-normal/arm64/STDSLabelCustomization.o -index-unit-output-path /Pods.build/Debug-iphonesimulator/StripePayments.build/Objects-normal/arm64/STDSLabelCustomization.o
error \=non-modular-include-in-framework-module -Wno-trigraphs -Wno-missing-field-initializers -Wno-missing-prototypes -Werror\=return-type -Wdocumentation -Wunreachable-code -Wno-implicit-atomic-properties -Werror\=deprecated-objc-isa-usage -Wno-objc-interface-ivars -Werror\=objc-root-class -Wno-arc-repeated-use-of-weak -Wimplicit-retain-self -Wduplicate-method-match -Wno-missing-braces -Wparentheses -Wswitch -Wunused-function -Wno-unused-label -Wno-unused-parameter -Wunused-variable -Wunused-value -Wempty-body -Wuninitialized -Wconditional-uninitialized -Wno-unknown-pragmas -Wno-shadow -Wno-four-char-constants -Wno-conversion -Wconstant-conversion -Wint-conversion -Wbool-conversion -Wenum-conversion -Wno-float-conversion -Wnon-literal-null-conversion -Wobjc-literal-conversion -Wshorten-64-to-32 -Wpointer-sign -Wno-newline-eof -Wno-selector -Wno-strict-selector-match -Wundeclared-selector -Wdeprecated-implementations -Wno-implicit-fallthrough -fstrict-aliasing -Wprotocol -Wdeprecated-declarations -Wno-sign-conversion -Winfinite-recursion -Wcomma -Wblock-capture-autoreleasing -Wstrict-prototypes -Wno-semicolon-before-method-body -Wunguarded-availability -index-store-path /Users/fazalazim/Library/Developer/Xcode/DerivedData/portal-bakgnsackgonetajcjxmslqbqyuc/Index.noindex/DataStore @/Users/fazalazim/Library/Developer/Xcode/DerivedData/portal-bakgnsackgonetajcjxmslqbqyuc/Build/Intermediates.noindex/Pods.build/Debug-iphonesimulator/StripePayments.build/Objects-normal/arm64/e6072d4f65d7061329687fe24e3d63a7-common-args.resp -include /Users/fazalazim/macbook/Shell_pro/Portal_App/ios/Pods/Target\ Support\ Files/StripePayments/StripePayments-prefix.pch -MMD -MT dependencies -MF /Users/fazalazim/Library/Developer/Xcode/DerivedData/portal-bakgnsackgonetajcjxmslqbqyuc/Build/Intermediates.noindex/Pods.build/Debug-iphonesimulator/StripePayments.build/Objects-normal/arm64/STDSJailbreakChecker.d --serialize-diagnostics /Users/fazalazim/Library/Developer/Xcode/DerivedData/portal-bakgnsackgonetajcjxmslqbqyuc/Build/Intermediates.noindex/Pods.build/Debug-iphonesimulator/StripePayments.build/Objects-normal/arm64/STDSJailbreakChecker.dia -c /Users/fazalazim/macbook/Shell_pro/Portal_App/ios/Pods/StripePayments/Stripe3DS2/Stripe3DS2/STDSJailbreakChecker.m -o /Users/fazalazim/Library/Developer/Xcode/DerivedData/portal-bakgnsackgonetajcjxmslqbqyuc/Build/Intermediates.noindex/Pods.build/Debug-iphonesimulator/StripePayments.build/Objects-normal/arm64/STDSJailbreakChecker.o -index-unit-output-path /Pods.build/Debug-iphonesimulator/StripePayments.build/Objects-normal/arm64/STDSJailbreakChecker.o
error \=non-modular-include-in-framework-module -Wno-trigraphs -Wno-missing-field-initializers -Wno-missing-prototypes -Werror\=return-type -Wdocumentation -Wunreachable-code -Wno-implicit-atomic-properties -Werror\=deprecated-objc-isa-usage -Wno-objc-interface-ivars -Werror\=objc-root-class -Wno-arc-repeated-use-of-weak -Wimplicit-retain-self -Wduplicate-method-match -Wno-missing-braces -Wparentheses -Wswitch -Wunused-function -Wno-unused-label -Wno-unused-parameter -Wunused-variable -Wunused-value -Wempty-body -Wuninitialized -Wconditional-uninitialized -Wno-unknown-pragmas -Wno-shadow -Wno-four-char-constants -Wno-conversion -Wconstant-conversion -Wint-conversion -Wbool-conversion -Wenum-conversion -Wno-float-conversion -Wnon-literal-null-conversion -Wobjc-literal-conversion -Wshorten-64-to-32 -Wpointer-sign -Wno-newline-eof -Wno-selector -Wno-strict-selector-match -Wundeclared-selector -Wdeprecated-implementations -Wno-implicit-fallthrough -fstrict-aliasing -Wprotocol -Wdeprecated-declarations -Wno-sign-conversion -Winfinite-recursion -Wcomma -Wblock-capture-autoreleasing -Wstrict-prototypes -Wno-semicolon-before-method-body -Wunguarded-availability -index-store-path /Users/fazalazim/Library/Developer/Xcode/DerivedData/portal-bakgnsackgonetajcjxmslqbqyuc/Index.noindex/DataStore @/Users/fazalazim/Library/Developer/Xcode/DerivedData/portal-bakgnsackgonetajcjxmslqbqyuc/Build/Intermediates.noindex/Pods.build/Debug-iphonesimulator/StripePayments.build/Objects-normal/arm64/e6072d4f65d7061329687fe24e3d63a7-common-args.resp -include /Users/fazalazim/macbook/Shell_pro/Portal_App/ios/Pods/Target\ Support\ Files/StripePayments/StripePayments-prefix.pch -MMD -MT dependencies -MF /Users/fazalazim/Library/Developer/Xcode/DerivedData/portal-bakgnsackgonetajcjxmslqbqyuc/Build/Intermediates.noindex/Pods.build/Debug-iphonesimulator/StripePayments.build/Objects-normal/arm64/STDSJSONWebSignature.d --serialize-diagnostics /Users/fazalazim/Library/Developer/Xcode/DerivedData/portal-bakgnsackgonetajcjxmslqbqyuc/Build/Intermediates.noindex/Pods.build/Debug-iphonesimulator/StripePayments.build/Objects-normal/arm64/STDSJSONWebSignature.dia -c /Users/fazalazim/macbook/Shell_pro/Portal_App/ios/Pods/StripePayments/Stripe3DS2/Stripe3DS2/STDSJSONWebSignature.m -o /Users/fazalazim/Library/Developer/Xcode/DerivedData/portal-bakgnsackgonetajcjxmslqbqyuc/Build/Intermediates.noindex/Pods.build/Debug-iphonesimulator/StripePayments.build/Objects-normal/arm64/STDSJSONWebSignature.o -index-unit-output-path /Pods.build/Debug-iphonesimulator/StripePayments.build/Objects-normal/arm64/STDSJSONWebSignature.o
error \=non-modular-include-in-framework-module -Wno-trigraphs -Wno-missing-field-initializers -Wno-missing-prototypes -Werror\=return-type -Wdocumentation -Wunreachable-code -Wno-implicit-atomic-properties -Werror\=deprecated-objc-isa-usage -Wno-objc-interface-ivars -Werror\=objc-root-class -Wno-arc-repeated-use-of-weak -Wimplicit-retain-self -Wduplicate-method-match -Wno-missing-braces -Wparentheses -Wswitch -Wunused-function -Wno-unused-label -Wno-unused-parameter -Wunused-variable -Wunused-value -Wempty-body -Wuninitialized -Wconditional-uninitialized -Wno-unknown-pragmas -Wno-shadow -Wno-four-char-constants -Wno-conversion -Wconstant-conversion -Wint-conversion -Wbool-conversion -Wenum-conversion -Wno-float-conversion -Wnon-literal-null-conversion -Wobjc-literal-conversion -Wshorten-64-to-32 -Wpointer-sign -Wno-newline-eof -Wno-selector -Wno-strict-selector-match -Wundeclared-selector -Wdeprecated-implementations -Wno-implicit-fallthrough -fstrict-aliasing -Wprotocol -Wdeprecated-declarations -Wno-sign-conversion -Winfinite-recursion -Wcomma -Wblock-capture-autoreleasing -Wstrict-prototypes -Wno-semicolon-before-method-body -Wunguarded-availability -index-store-path /Users/fazalazim/Library/Developer/Xcode/DerivedData/portal-bakgnsackgonetajcjxmslqbqyuc/Index.noindex/DataStore @/Users/fazalazim/Library/Developer/Xcode/DerivedData/portal-bakgnsackgonetajcjxmslqbqyuc/Build/Intermediates.noindex/Pods.build/Debug-iphonesimulator/StripePayments.build/Objects-normal/arm64/e6072d4f65d7061329687fe24e3d63a7-common-args.resp -include /Users/fazalazim/macbook/Shell_pro/Portal_App/ios/Pods/Target\ Support\ Files/StripePayments/StripePayments-prefix.pch -MMD -MT dependencies -MF /Users/fazalazim/Library/Developer/Xcode/DerivedData/portal-bakgnsackgonetajcjxmslqbqyuc/Build/Intermediates.noindex/Pods.build/Debug-iphonesimulator/StripePayments.build/Objects-normal/arm64/STDSJSONWebEncryption.d --serialize-diagnostics /Users/fazalazim/Library/Developer/Xcode/DerivedData/portal-bakgnsackgonetajcjxmslqbqyuc/Build/Intermediates.noindex/Pods.build/Debug-iphonesimulator/StripePayments.build/Objects-normal/arm64/STDSJSONWebEncryption.dia -c /Users/fazalazim/macbook/Shell_pro/Portal_App/ios/Pods/StripePayments/Stripe3DS2/Stripe3DS2/STDSJSONWebEncryption.m -o /Users/fazalazim/Library/Developer/Xcode/DerivedData/portal-bakgnsackgonetajcjxmslqbqyuc/Build/Intermediates.noindex/Pods.build/Debug-iphonesimulator/StripePayments.build/Objects-normal/arm64/STDSJSONWebEncryption.o -index-unit-output-path /Pods.build/Debug-iphonesimulator/StripePayments.build/Objects-normal/arm64/STDSJSONWebEncryption.o
error \=non-modular-include-in-framework-module -Wno-trigraphs -Wno-missing-field-initializers -Wno-missing-prototypes -Werror\=return-type -Wdocumentation -Wunreachable-code -Wno-implicit-atomic-properties -Werror\=deprecated-objc-isa-usage -Wno-objc-interface-ivars -Werror\=objc-root-class -Wno-arc-repeated-use-of-weak -Wimplicit-retain-self -Wduplicate-method-match -Wno-missing-braces -Wparentheses -Wswitch -Wunused-function -Wno-unused-label -Wno-unused-parameter -Wunused-variable -Wunused-value -Wempty-body -Wuninitialized -Wconditional-uninitialized -Wno-unknown-pragmas -Wno-shadow -Wno-four-char-constants -Wno-conversion -Wconstant-conversion -Wint-conversion -Wbool-conversion -Wenum-conversion -Wno-float-conversion -Wnon-literal-null-conversion -Wobjc-literal-conversion -Wshorten-64-to-32 -Wpointer-sign -Wno-newline-eof -Wno-selector -Wno-strict-selector-match -Wundeclared-selector -Wdeprecated-implementations -Wno-implicit-fallthrough -fstrict-aliasing -Wprotocol -Wdeprecated-declarations -Wno-sign-conversion -Winfinite-recursion -Wcomma -Wblock-capture-autoreleasing -Wstrict-prototypes -Wno-semicolon-before-method-body -Wunguarded-availability -index-store-path /Users/fazalazim/Library/Developer/Xcode/DerivedData/portal-bakgnsackgonetajcjxmslqbqyuc/Index.noindex/DataStore @/Users/fazalazim/Library/Developer/Xcode/DerivedData/portal-bakgnsackgonetajcjxmslqbqyuc/Build/Intermediates.noindex/Pods.build/Debug-iphonesimulator/StripePayments.build/Objects-normal/arm64/e6072d4f65d7061329687fe24e3d63a7-common-args.resp -include /Users/fazalazim/macbook/Shell_pro/Portal_App/ios/Pods/Target\ Support\ Files/StripePayments/StripePayments-prefix.pch -MMD -MT dependencies -MF /Users/fazalazim/Library/Developer/Xcode/DerivedData/portal-bakgnsackgonetajcjxmslqbqyuc/Build/Intermediates.noindex/Pods.build/Debug-iphonesimulator/StripePayments.build/Objects-normal/arm64/STDSJSONEncoder.d --serialize-diagnostics /Users/fazalazim/Library/Developer/Xcode/DerivedData/portal-bakgnsackgonetajcjxmslqbqyuc/Build/Intermediates.noindex/Pods.build/Debug-iphonesimulator/StripePayments.build/Objects-normal/arm64/STDSJSONEncoder.dia -c /Users/fazalazim/macbook/Shell_pro/Portal_App/ios/Pods/StripePayments/Stripe3DS2/Stripe3DS2/include/STDSJSONEncoder.m -o /Users/fazalazim/Library/Developer/Xcode/DerivedData/portal-bakgnsackgonetajcjxmslqbqyuc/Build/Intermediates.noindex/Pods.build/Debug-iphonesimulator/StripePayments.build/Objects-normal/arm64/STDSJSONEncoder.o -index-unit-output-path /Pods.build/Debug-iphonesimulator/StripePayments.build/Objects-normal/arm64/STDSJSONEncoder.o
error \=non-modular-include-in-framework-module -Wno-trigraphs -Wno-missing-field-initializers -Wno-missing-prototypes -Werror\=return-type -Wdocumentation -Wunreachable-code -Wno-implicit-atomic-properties -Werror\=deprecated-objc-isa-usage -Wno-objc-interface-ivars -Werror\=objc-root-class -Wno-arc-repeated-use-of-weak -Wimplicit-retain-self -Wduplicate-method-match -Wno-missing-braces -Wparentheses -Wswitch -Wunused-function -Wno-unused-label -Wno-unused-parameter -Wunused-variable -Wunused-value -Wempty-body -Wuninitialized -Wconditional-uninitialized -Wno-unknown-pragmas -Wno-shadow -Wno-four-char-constants -Wno-conversion -Wconstant-conversion -Wint-conversion -Wbool-conversion -Wenum-conversion -Wno-float-conversion -Wnon-literal-null-conversion -Wobjc-literal-conversion -Wshorten-64-to-32 -Wpointer-sign -Wno-newline-eof -Wno-selector -Wno-strict-selector-match -Wundeclared-selector -Wdeprecated-implementations -Wno-implicit-fallthrough -fstrict-aliasing -Wprotocol -Wdeprecated-declarations -Wno-sign-conversion -Winfinite-recursion -Wcomma -Wblock-capture-autoreleasing -Wstrict-prototypes -Wno-semicolon-before-method-body -Wunguarded-availability -index-store-path /Users/fazalazim/Library/Developer/Xcode/DerivedData/portal-bakgnsackgonetajcjxmslqbqyuc/Index.noindex/DataStore @/Users/fazalazim/Library/Developer/Xcode/DerivedData/portal-bakgnsackgonetajcjxmslqbqyuc/Build/Intermediates.noindex/Pods.build/Debug-iphonesimulator/StripePayments.build/Objects-normal/arm64/e6072d4f65d7061329687fe24e3d63a7-common-args.resp -include /Users/fazalazim/macbook/Shell_pro/Portal_App/ios/Pods/Target\ Support\ Files/StripePayments/StripePayments-prefix.pch -MMD -MT dependencies -MF /Users/fazalazim/Library/Developer/Xcode/DerivedData/portal-bakgnsackgonetajcjxmslqbqyuc/Build/Intermediates.noindex/Pods.build/Debug-iphonesimulator/StripePayments.build/Objects-normal/arm64/STDSInvalidInputException.d --serialize-diagnostics /Users/fazalazim/Library/Developer/Xcode/DerivedData/portal-bakgnsackgonetajcjxmslqbqyuc/Build/Intermediates.noindex/Pods.build/Debug-iphonesimulator/StripePayments.build/Objects-normal/arm64/STDSInvalidInputException.dia -c /Users/fazalazim/macbook/Shell_pro/Portal_App/ios/Pods/StripePayments/Stripe3DS2/Stripe3DS2/include/STDSInvalidInputException.m -o /Users/fazalazim/Library/Developer/Xcode/DerivedData/portal-bakgnsackgonetajcjxmslqbqyuc/Build/Intermediates.noindex/Pods.build/Debug-iphonesimulator/StripePayments.build/Objects-normal/arm64/STDSInvalidInputException.o -index-unit-output-path /Pods.build/Debug-iphonesimulator/StripePayments.build/Objects-normal/arm64/STDSInvalidInputException.o
error \=non-modular-include-in-framework-module -Wno-trigraphs -Wno-missing-field-initializers -Wno-missing-prototypes -Werror\=return-type -Wdocumentation -Wunreachable-code -Wno-implicit-atomic-properties -Werror\=deprecated-objc-isa-usage -Wno-objc-interface-ivars -Werror\=objc-root-class -Wno-arc-repeated-use-of-weak -Wimplicit-retain-self -Wduplicate-method-match -Wno-missing-braces -Wparentheses -Wswitch -Wunused-function -Wno-unused-label -Wno-unused-parameter -Wunused-variable -Wunused-value -Wempty-body -Wuninitialized -Wconditional-uninitialized -Wno-unknown-pragmas -Wno-shadow -Wno-four-char-constants -Wno-conversion -Wconstant-conversion -Wint-conversion -Wbool-conversion -Wenum-conversion -Wno-float-conversion -Wnon-literal-null-conversion -Wobjc-literal-conversion -Wshorten-64-to-32 -Wpointer-sign -Wno-newline-eof -Wno-selector -Wno-strict-selector-match -Wundeclared-selector -Wdeprecated-implementations -Wno-implicit-fallthrough -fstrict-aliasing -Wprotocol -Wdeprecated-declarations -Wno-sign-conversion -Winfinite-recursion -Wcomma -Wblock-capture-autoreleasing -Wstrict-prototypes -Wno-semicolon-before-method-body -Wunguarded-availability -index-store-path /Users/fazalazim/Library/Developer/Xcode/DerivedData/portal-bakgnsackgonetajcjxmslqbqyuc/Index.noindex/DataStore @/Users/fazalazim/Library/Developer/Xcode/DerivedData/portal-bakgnsackgonetajcjxmslqbqyuc/Build/Intermediates.noindex/Pods.build/Debug-iphonesimulator/StripePayments.build/Objects-normal/arm64/e6072d4f65d7061329687fe24e3d63a7-common-args.resp -include /Users/fazalazim/macbook/Shell_pro/Portal_App/ios/Pods/Target\ Support\ Files/StripePayments/StripePayments-prefix.pch -MMD -MT dependencies -MF /Users/fazalazim/Library/Developer/Xcode/DerivedData/portal-bakgnsackgonetajcjxmslqbqyuc/Build/Intermediates.noindex/Pods.build/Debug-iphonesimulator/StripePayments.build/Objects-normal/arm64/STDSIntegrityChecker.d --serialize-diagnostics /Users/fazalazim/Library/Developer/Xcode/DerivedData/portal-bakgnsackgonetajcjxmslqbqyuc/Build/Intermediates.noindex/Pods.build/Debug-iphonesimulator/StripePayments.build/Objects-normal/arm64/STDSIntegrityChecker.dia -c /Users/fazalazim/macbook/Shell_pro/Portal_App/ios/Pods/StripePayments/Stripe3DS2/Stripe3DS2/STDSIntegrityChecker.m -o /Users/fazalazim/Library/Developer/Xcode/DerivedData/portal-bakgnsackgonetajcjxmslqbqyuc/Build/Intermediates.noindex/Pods.build/Debug-iphonesimulator/StripePayments.build/Objects-normal/arm64/STDSIntegrityChecker.o -index-unit-output-path /Pods.build/Debug-iphonesimulator/StripePayments.build/Objects-normal/arm64/STDSIntegrityChecker.o
error \=non-modular-include-in-framework-module -Wno-trigraphs -Wno-missing-field-initializers -Wno-missing-prototypes -Werror\=return-type -Wdocumentation -Wunreachable-code -Wno-implicit-atomic-properties -Werror\=deprecated-objc-isa-usage -Wno-objc-interface-ivars -Werror\=objc-root-class -Wno-arc-repeated-use-of-weak -Wimplicit-retain-self -Wduplicate-method-match -Wno-missing-braces -Wparentheses -Wswitch -Wunused-function -Wno-unused-label -Wno-unused-parameter -Wunused-variable -Wunused-value -Wempty-body -Wuninitialized -Wconditional-uninitialized -Wno-unknown-pragmas -Wno-shadow -Wno-four-char-constants -Wno-conversion -Wconstant-conversion -Wint-conversion -Wbool-conversion -Wenum-conversion -Wno-float-conversion -Wnon-literal-null-conversion -Wobjc-literal-conversion -Wshorten-64-to-32 -Wpointer-sign -Wno-newline-eof -Wno-selector -Wno-strict-selector-match -Wundeclared-selector -Wdeprecated-implementations -Wno-implicit-fallthrough -fstrict-aliasing -Wprotocol -Wdeprecated-declarations -Wno-sign-conversion -Winfinite-recursion -Wcomma -Wblock-capture-autoreleasing -Wstrict-prototypes -Wno-semicolon-before-method-body -Wunguarded-availability -index-store-path /Users/fazalazim/Library/Developer/Xcode/DerivedData/portal-bakgnsackgonetajcjxmslqbqyuc/Index.noindex/DataStore @/Users/fazalazim/Library/Developer/Xcode/DerivedData/portal-bakgnsackgonetajcjxmslqbqyuc/Build/Intermediates.noindex/Pods.build/Debug-iphonesimulator/StripePayments.build/Objects-normal/arm64/e6072d4f65d7061329687fe24e3d63a7-common-args.resp -include /Users/fazalazim/macbook/Shell_pro/Portal_App/ios/Pods/Target\ Support\ Files/StripePayments/StripePayments-prefix.pch -MMD -MT dependencies -MF /Users/fazalazim/Library/Developer/Xcode/DerivedData/portal-bakgnsackgonetajcjxmslqbqyuc/Build/Intermediates.noindex/Pods.build/Debug-iphonesimulator/StripePayments.build/Objects-normal/arm64/STDSImageLoader.d --serialize-diagnostics /Users/fazalazim/Library/Developer/Xcode/DerivedData/portal-bakgnsackgonetajcjxmslqbqyuc/Build/Intermediates.noindex/Pods.build/Debug-iphonesimulator/StripePayments.build/Objects-normal/arm64/STDSImageLoader.dia -c /Users/fazalazim/macbook/Shell_pro/Portal_App/ios/Pods/StripePayments/Stripe3DS2/Stripe3DS2/STDSImageLoader.m -o /Users/fazalazim/Library/Developer/Xcode/DerivedData/portal-bakgnsackgonetajcjxmslqbqyuc/Build/Intermediates.noindex/Pods.build/Debug-iphonesimulator/StripePayments.build/Objects-normal/arm64/STDSImageLoader.o -index-unit-output-path /Pods.build/Debug-iphonesimulator/StripePayments.build/Objects-normal/arm64/STDSImageLoader.o
error \=non-modular-include-in-framework-module -Wno-trigraphs -Wno-missing-field-initializers -Wno-missing-prototypes -Werror\=return-type -Wdocumentation -Wunreachable-code -Wno-implicit-atomic-properties -Werror\=deprecated-objc-isa-usage -Wno-objc-interface-ivars -Werror\=objc-root-class -Wno-arc-repeated-use-of-weak -Wimplicit-retain-self -Wduplicate-method-match -Wno-missing-braces -Wparentheses -Wswitch -Wunused-function -Wno-unused-label -Wno-unused-parameter -Wunused-variable -Wunused-value -Wempty-body -Wuninitialized -Wconditional-uninitialized -Wno-unknown-pragmas -Wno-shadow -Wno-four-char-constants -Wno-conversion -Wconstant-conversion -Wint-conversion -Wbool-conversion -Wenum-conversion -Wno-float-conversion -Wnon-literal-null-conversion -Wobjc-literal-conversion -Wshorten-64-to-32 -Wpointer-sign -Wno-newline-eof -Wno-selector -Wno-strict-selector-match -Wundeclared-selector -Wdeprecated-implementations -Wno-implicit-fallthrough -fstrict-aliasing -Wprotocol -Wdeprecated-declarations -Wno-sign-conversion -Winfinite-recursion -Wcomma -Wblock-capture-autoreleasing -Wstrict-prototypes -Wno-semicolon-before-method-body -Wunguarded-availability -index-store-path /Users/fazalazim/Library/Developer/Xcode/DerivedData/portal-bakgnsackgonetajcjxmslqbqyuc/Index.noindex/DataStore @/Users/fazalazim/Library/Developer/Xcode/DerivedData/portal-bakgnsackgonetajcjxmslqbqyuc/Build/Intermediates.noindex/Pods.build/Debug-iphonesimulator/StripePayments.build/Objects-normal/arm64/e6072d4f65d7061329687fe24e3d63a7-common-args.resp -include /Users/fazalazim/macbook/Shell_pro/Portal_App/ios/Pods/Target\ Support\ Files/StripePayments/StripePayments-prefix.pch -MMD -MT dependencies -MF /Users/fazalazim/Library/Developer/Xcode/DerivedData/portal-bakgnsackgonetajcjxmslqbqyuc/Build/Intermediates.noindex/Pods.build/Debug-iphonesimulator/StripePayments.build/Objects-normal/arm64/STDSIPAddress.d --serialize-diagnostics /Users/fazalazim/Library/Developer/Xcode/DerivedData/portal-bakgnsackgonetajcjxmslqbqyuc/Build/Intermediates.noindex/Pods.build/Debug-iphonesimulator/StripePayments.build/Objects-normal/arm64/STDSIPAddress.dia -c /Users/fazalazim/macbook/Shell_pro/Portal_App/ios/Pods/StripePayments/Stripe3DS2/Stripe3DS2/STDSIPAddress.m -o /Users/fazalazim/Library/Developer/Xcode/DerivedData/portal-bakgnsackgonetajcjxmslqbqyuc/Build/Intermediates.noindex/Pods.build/Debug-iphonesimulator/StripePayments.build/Objects-normal/arm64/STDSIPAddress.o -index-unit-output-path /Pods.build/Debug-iphonesimulator/StripePayments.build/Objects-normal/arm64/STDSIPAddress.o
error \=non-modular-include-in-framework-module -Wno-trigraphs -Wno-missing-field-initializers -Wno-missing-prototypes -Werror\=return-type -Wdocumentation -Wunreachable-code -Wno-implicit-atomic-properties -Werror\=deprecated-objc-isa-usage -Wno-objc-interface-ivars -Werror\=objc-root-class -Wno-arc-repeated-use-of-weak -Wimplicit-retain-self -Wduplicate-method-match -Wno-missing-braces -Wparentheses -Wswitch -Wunused-function -Wno-unused-label -Wno-unused-parameter -Wunused-variable -Wunused-value -Wempty-body -Wuninitialized -Wconditional-uninitialized -Wno-unknown-pragmas -Wno-shadow -Wno-four-char-constants -Wno-conversion -Wconstant-conversion -Wint-conversion -Wbool-conversion -Wenum-conversion -Wno-float-conversion -Wnon-literal-null-conversion -Wobjc-literal-conversion -Wshorten-64-to-32 -Wpointer-sign -Wno-newline-eof -Wno-selector -Wno-strict-selector-match -Wundeclared-selector -Wdeprecated-implementations -Wno-implicit-fallthrough -fstrict-aliasing -Wprotocol -Wdeprecated-declarations -Wno-sign-conversion -Winfinite-recursion -Wcomma -Wblock-capture-autoreleasing -Wstrict-prototypes -Wno-semicolon-before-method-body -Wunguarded-availability -index-store-path /Users/fazalazim/Library/Developer/Xcode/DerivedData/portal-bakgnsackgonetajcjxmslqbqyuc/Index.noindex/DataStore @/Users/fazalazim/Library/Developer/Xcode/DerivedData/portal-bakgnsackgonetajcjxmslqbqyuc/Build/Intermediates.noindex/Pods.build/Debug-iphonesimulator/StripePayments.build/Objects-normal/arm64/e6072d4f65d7061329687fe24e3d63a7-common-args.resp -include /Users/fazalazim/macbook/Shell_pro/Portal_App/ios/Pods/Target\ Support\ Files/StripePayments/StripePayments-prefix.pch -MMD -MT dependencies -MF /Users/fazalazim/Library/Developer/Xcode/DerivedData/portal-bakgnsackgonetajcjxmslqbqyuc/Build/Intermediates.noindex/Pods.build/Debug-iphonesimulator/StripePayments.build/Objects-normal/arm64/STDSFooterCustomization.d --serialize-diagnostics /Users/fazalazim/Library/Developer/Xcode/DerivedData/portal-bakgnsackgonetajcjxmslqbqyuc/Build/Intermediates.noindex/Pods.build/Debug-iphonesimulator/StripePayments.build/Objects-normal/arm64/STDSFooterCustomization.dia -c /Users/fazalazim/macbook/Shell_pro/Portal_App/ios/Pods/StripePayments/Stripe3DS2/Stripe3DS2/include/STDSFooterCustomization.m -o /Users/fazalazim/Library/Developer/Xcode/DerivedData/portal-bakgnsackgonetajcjxmslqbqyuc/Build/Intermediates.noindex/Pods.build/Debug-iphonesimulator/StripePayments.build/Objects-normal/arm64/STDSFooterCustomization.o -index-unit-output-path /Pods.build/Debug-iphonesimulator/StripePayments.build/Objects-normal/arm64/STDSFooterCustomization.o
error \=non-modular-include-in-framework-module -Wno-trigraphs -Wno-missing-field-initializers -Wno-missing-prototypes -Werror\=return-type -Wdocumentation -Wunreachable-code -Wno-implicit-atomic-properties -Werror\=deprecated-objc-isa-usage -Wno-objc-interface-ivars -Werror\=objc-root-class -Wno-arc-repeated-use-of-weak -Wimplicit-retain-self -Wduplicate-method-match -Wno-missing-braces -Wparentheses -Wswitch -Wunused-function -Wno-unused-label -Wno-unused-parameter -Wunused-variable -Wunused-value -Wempty-body -Wuninitialized -Wconditional-uninitialized -Wno-unknown-pragmas -Wno-shadow -Wno-four-char-constants -Wno-conversion -Wconstant-conversion -Wint-conversion -Wbool-conversion -Wenum-conversion -Wno-float-conversion -Wnon-literal-null-conversion -Wobjc-literal-conversion -Wshorten-64-to-32 -Wpointer-sign -Wno-newline-eof -Wno-selector -Wno-strict-selector-match -Wundeclared-selector -Wdeprecated-implementations -Wno-implicit-fallthrough -fstrict-aliasing -Wprotocol -Wdeprecated-declarations -Wno-sign-conversion -Winfinite-recursion -Wcomma -Wblock-capture-autoreleasing -Wstrict-prototypes -Wno-semicolon-before-method-body -Wunguarded-availability -index-store-path /Users/fazalazim/Library/Developer/Xcode/DerivedData/portal-bakgnsackgonetajcjxmslqbqyuc/Index.noindex/DataStore @/Users/fazalazim/Library/Developer/Xcode/DerivedData/portal-bakgnsackgonetajcjxmslqbqyuc/Build/Intermediates.noindex/Pods.build/Debug-iphonesimulator/StripePayments.build/Objects-normal/arm64/e6072d4f65d7061329687fe24e3d63a7-common-args.resp -include /Users/fazalazim/macbook/Shell_pro/Portal_App/ios/Pods/Target\ Support\ Files/StripePayments/StripePayments-prefix.pch -MMD -MT dependencies -MF /Users/fazalazim/Library/Developer/Xcode/DerivedData/portal-bakgnsackgonetajcjxmslqbqyuc/Build/Intermediates.noindex/Pods.build/Debug-iphonesimulator/StripePayments.build/Objects-normal/arm64/STDSExpandableInformationView.d --serialize-diagnostics /Users/fazalazim/Library/Developer/Xcode/DerivedData/portal-bakgnsackgonetajcjxmslqbqyuc/Build/Intermediates.noindex/Pods.build/Debug-iphonesimulator/StripePayments.build/Objects-normal/arm64/STDSExpandableInformationView.dia -c /Users/fazalazim/macbook/Shell_pro/Portal_App/ios/Pods/StripePayments/Stripe3DS2/Stripe3DS2/STDSExpandableInformationView.m -o /Users/fazalazim/Library/Developer/Xcode/DerivedData/portal-bakgnsackgonetajcjxmslqbqyuc/Build/Intermediates.noindex/Pods.build/Debug-iphonesimulator/StripePayments.build/Objects-normal/arm64/STDSExpandableInformationView.o -index-unit-output-path /Pods.build/Debug-iphonesimulator/StripePayments.build/Objects-normal/arm64/STDSExpandableInformationView.o
error \=non-modular-include-in-framework-module -Wno-trigraphs -Wno-missing-field-initializers -Wno-missing-prototypes -Werror\=return-type -Wdocumentation -Wunreachable-code -Wno-implicit-atomic-properties -Werror\=deprecated-objc-isa-usage -Wno-objc-interface-ivars -Werror\=objc-root-class -Wno-arc-repeated-use-of-weak -Wimplicit-retain-self -Wduplicate-method-match -Wno-missing-braces -Wparentheses -Wswitch -Wunused-function -Wno-unused-label -Wno-unused-parameter -Wunused-variable -Wunused-value -Wempty-body -Wuninitialized -Wconditional-uninitialized -Wno-unknown-pragmas -Wno-shadow -Wno-four-char-constants -Wno-conversion -Wconstant-conversion -Wint-conversion -Wbool-conversion -Wenum-conversion -Wno-float-conversion -Wnon-literal-null-conversion -Wobjc-literal-conversion -Wshorten-64-to-32 -Wpointer-sign -Wno-newline-eof -Wno-selector -Wno-strict-selector-match -Wundeclared-selector -Wdeprecated-implementations -Wno-implicit-fallthrough -fstrict-aliasing -Wprotocol -Wdeprecated-declarations -Wno-sign-conversion -Winfinite-recursion -Wcomma -Wblock-capture-autoreleasing -Wstrict-prototypes -Wno-semicolon-before-method-body -Wunguarded-availability -index-store-path /Users/fazalazim/Library/Developer/Xcode/DerivedData/portal-bakgnsackgonetajcjxmslqbqyuc/Index.noindex/DataStore @/Users/fazalazim/Library/Developer/Xcode/DerivedData/portal-bakgnsackgonetajcjxmslqbqyuc/Build/Intermediates.noindex/Pods.build/Debug-iphonesimulator/StripePayments.build/Objects-normal/arm64/e6072d4f65d7061329687fe24e3d63a7-common-args.resp -include /Users/fazalazim/macbook/Shell_pro/Portal_App/ios/Pods/Target\ Support\ Files/StripePayments/StripePayments-prefix.pch -MMD -MT dependencies -MF /Users/fazalazim/Library/Developer/Xcode/DerivedData/portal-bakgnsackgonetajcjxmslqbqyuc/Build/Intermediates.noindex/Pods.build/Debug-iphonesimulator/StripePayments.build/Objects-normal/arm64/STDSException.d --serialize-diagnostics /Users/fazalazim/Library/Developer/Xcode/DerivedData/portal-bakgnsackgonetajcjxmslqbqyuc/Build/Intermediates.noindex/Pods.build/Debug-iphonesimulator/StripePayments.build/Objects-normal/arm64/STDSException.dia -c /Users/fazalazim/macbook/Shell_pro/Portal_App/ios/Pods/StripePayments/Stripe3DS2/Stripe3DS2/include/STDSException.m -o /Users/fazalazim/Library/Developer/Xcode/DerivedData/portal-bakgnsackgonetajcjxmslqbqyuc/Build/Intermediates.noindex/Pods.build/Debug-iphonesimulator/StripePayments.build/Objects-normal/arm64/STDSException.o -index-unit-output-path /Pods.build/Debug-iphonesimulator/StripePayments.build/Objects-normal/arm64/STDSException.o
error \=non-modular-include-in-framework-module -Wno-trigraphs -Wno-missing-field-initializers -Wno-missing-prototypes -Werror\=return-type -Wdocumentation -Wunreachable-code -Wno-implicit-atomic-properties -Werror\=deprecated-objc-isa-usage -Wno-objc-interface-ivars -Werror\=objc-root-class -Wno-arc-repeated-use-of-weak -Wimplicit-retain-self -Wduplicate-method-match -Wno-missing-braces -Wparentheses -Wswitch -Wunused-function -Wno-unused-label -Wno-unused-parameter -Wunused-variable -Wunused-value -Wempty-body -Wuninitialized -Wconditional-uninitialized -Wno-unknown-pragmas -Wno-shadow -Wno-four-char-constants -Wno-conversion -Wconstant-conversion -Wint-conversion -Wbool-conversion -Wenum-conversion -Wno-float-conversion -Wnon-literal-null-conversion -Wobjc-literal-conversion -Wshorten-64-to-32 -Wpointer-sign -Wno-newline-eof -Wno-selector -Wno-strict-selector-match -Wundeclared-selector -Wdeprecated-implementations -Wno-implicit-fallthrough -fstrict-aliasing -Wprotocol -Wdeprecated-declarations -Wno-sign-conversion -Winfinite-recursion -Wcomma -Wblock-capture-autoreleasing -Wstrict-prototypes -Wno-semicolon-before-method-body -Wunguarded-availability -index-store-path /Users/fazalazim/Library/Developer/Xcode/DerivedData/portal-bakgnsackgonetajcjxmslqbqyuc/Index.noindex/DataStore @/Users/fazalazim/Library/Developer/Xcode/DerivedData/portal-bakgnsackgonetajcjxmslqbqyuc/Build/Intermediates.noindex/Pods.build/Debug-iphonesimulator/StripePayments.build/Objects-normal/arm64/e6072d4f65d7061329687fe24e3d63a7-common-args.resp -include /Users/fazalazim/macbook/Shell_pro/Portal_App/ios/Pods/Target\ Support\ Files/StripePayments/StripePayments-prefix.pch -MMD -MT dependencies -MF /Users/fazalazim/Library/Developer/Xcode/DerivedData/portal-bakgnsackgonetajcjxmslqbqyuc/Build/Intermediates.noindex/Pods.build/Debug-iphonesimulator/StripePayments.build/Objects-normal/arm64/STDSErrorMessage.d --serialize-diagnostics /Users/fazalazim/Library/Developer/Xcode/DerivedData/portal-bakgnsackgonetajcjxmslqbqyuc/Build/Intermediates.noindex/Pods.build/Debug-iphonesimulator/StripePayments.build/Objects-normal/arm64/STDSErrorMessage.dia -c /Users/fazalazim/macbook/Shell_pro/Portal_App/ios/Pods/StripePayments/Stripe3DS2/Stripe3DS2/include/STDSErrorMessage.m -o /Users/fazalazim/Library/Developer/Xcode/DerivedData/portal-bakgnsackgonetajcjxmslqbqyuc/Build/Intermediates.noindex/Pods.build/Debug-iphonesimulator/StripePayments.build/Objects-normal/arm64/STDSErrorMessage.o -index-unit-output-path /Pods.build/Debug-iphonesimulator/StripePayments.build/Objects-normal/arm64/STDSErrorMessage.o
error \=non-modular-include-in-framework-module -Wno-trigraphs -Wno-missing-field-initializers -Wno-missing-prototypes -Werror\=return-type -Wdocumentation -Wunreachable-code -Wno-implicit-atomic-properties -Werror\=deprecated-objc-isa-usage -Wno-objc-interface-ivars -Werror\=objc-root-class -Wno-arc-repeated-use-of-weak -Wimplicit-retain-self -Wduplicate-method-match -Wno-missing-braces -Wparentheses -Wswitch -Wunused-function -Wno-unused-label -Wno-unused-parameter -Wunused-variable -Wunused-value -Wempty-body -Wuninitialized -Wconditional-uninitialized -Wno-unknown-pragmas -Wno-shadow -Wno-four-char-constants -Wno-conversion -Wconstant-conversion -Wint-conversion -Wbool-conversion -Wenum-conversion -Wno-float-conversion -Wnon-literal-null-conversion -Wobjc-literal-conversion -Wshorten-64-to-32 -Wpointer-sign -Wno-newline-eof -Wno-selector -Wno-strict-selector-match -Wundeclared-selector -Wdeprecated-implementations -Wno-implicit-fallthrough -fstrict-aliasing -Wprotocol -Wdeprecated-declarations -Wno-sign-conversion -Winfinite-recursion -Wcomma -Wblock-capture-autoreleasing -Wstrict-prototypes -Wno-semicolon-before-method-body -Wunguarded-availability -index-store-path /Users/fazalazim/Library/Developer/Xcode/DerivedData/portal-bakgnsackgonetajcjxmslqbqyuc/Index.noindex/DataStore @/Users/fazalazim/Library/Developer/Xcode/DerivedData/portal-bakgnsackgonetajcjxmslqbqyuc/Build/Intermediates.noindex/Pods.build/Debug-iphonesimulator/StripePayments.build/Objects-normal/arm64/e6072d4f65d7061329687fe24e3d63a7-common-args.resp -include /Users/fazalazim/macbook/Shell_pro/Portal_App/ios/Pods/Target\ Support\ Files/StripePayments/StripePayments-prefix.pch -MMD -MT dependencies -MF /Users/fazalazim/Library/Developer/Xcode/DerivedData/portal-bakgnsackgonetajcjxmslqbqyuc/Build/Intermediates.noindex/Pods.build/Debug-iphonesimulator/StripePayments.build/Objects-normal/arm64/STDSErrorMessage+Internal.d --serialize-diagnostics /Users/fazalazim/Library/Developer/Xcode/DerivedData/portal-bakgnsackgonetajcjxmslqbqyuc/Build/Intermediates.noindex/Pods.build/Debug-iphonesimulator/StripePayments.build/Objects-normal/arm64/STDSErrorMessage+Internal.dia -c /Users/fazalazim/macbook/Shell_pro/Portal_App/ios/Pods/StripePayments/Stripe3DS2/Stripe3DS2/STDSErrorMessage+Internal.m -o /Users/fazalazim/Library/Developer/Xcode/DerivedData/portal-bakgnsackgonetajcjxmslqbqyuc/Build/Intermediates.noindex/Pods.build/Debug-iphonesimulator/StripePayments.build/Objects-normal/arm64/STDSErrorMessage+Internal.o -index-unit-output-path /Pods.build/Debug-iphonesimulator/StripePayments.build/Objects-normal/arm64/STDSErrorMessage+Internal.o
error \=non-modular-include-in-framework-module -Wno-trigraphs -Wno-missing-field-initializers -Wno-missing-prototypes -Werror\=return-type -Wdocumentation -Wunreachable-code -Wno-implicit-atomic-properties -Werror\=deprecated-objc-isa-usage -Wno-objc-interface-ivars -Werror\=objc-root-class -Wno-arc-repeated-use-of-weak -Wimplicit-retain-self -Wduplicate-method-match -Wno-missing-braces -Wparentheses -Wswitch -Wunused-function -Wno-unused-label -Wno-unused-parameter -Wunused-variable -Wunused-value -Wempty-body -Wuninitialized -Wconditional-uninitialized -Wno-unknown-pragmas -Wno-shadow -Wno-four-char-constants -Wno-conversion -Wconstant-conversion -Wint-conversion -Wbool-conversion -Wenum-conversion -Wno-float-conversion -Wnon-literal-null-conversion -Wobjc-literal-conversion -Wshorten-64-to-32 -Wpointer-sign -Wno-newline-eof -Wno-selector -Wno-strict-selector-match -Wundeclared-selector -Wdeprecated-implementations -Wno-implicit-fallthrough -fstrict-aliasing -Wprotocol -Wdeprecated-declarations -Wno-sign-conversion -Winfinite-recursion -Wcomma -Wblock-capture-autoreleasing -Wstrict-prototypes -Wno-semicolon-before-method-body -Wunguarded-availability -index-store-path /Users/fazalazim/Library/Developer/Xcode/DerivedData/portal-bakgnsackgonetajcjxmslqbqyuc/Index.noindex/DataStore @/Users/fazalazim/Library/Developer/Xcode/DerivedData/portal-bakgnsackgonetajcjxmslqbqyuc/Build/Intermediates.noindex/Pods.build/Debug-iphonesimulator/StripePayments.build/Objects-normal/arm64/e6072d4f65d7061329687fe24e3d63a7-common-args.resp -include /Users/fazalazim/macbook/Shell_pro/Portal_App/ios/Pods/Target\ Support\ Files/StripePayments/StripePayments-prefix.pch -MMD -MT dependencies -MF /Users/fazalazim/Library/Developer/Xcode/DerivedData/portal-bakgnsackgonetajcjxmslqbqyuc/Build/Intermediates.noindex/Pods.build/Debug-iphonesimulator/StripePayments.build/Objects-normal/arm64/STDSEphemeralKeyPair.d --serialize-diagnostics /Users/fazalazim/Library/Developer/Xcode/DerivedData/portal-bakgnsackgonetajcjxmslqbqyuc/Build/Intermediates.noindex/Pods.build/Debug-iphonesimulator/StripePayments.build/Objects-normal/arm64/STDSEphemeralKeyPair.dia -c /Users/fazalazim/macbook/Shell_pro/Portal_App/ios/Pods/StripePayments/Stripe3DS2/Stripe3DS2/STDSEphemeralKeyPair.m -o /Users/fazalazim/Library/Developer/Xcode/DerivedData/portal-bakgnsackgonetajcjxmslqbqyuc/Build/Intermediates.noindex/Pods.build/Debug-iphonesimulator/StripePayments.build/Objects-normal/arm64/STDSEphemeralKeyPair.o -index-unit-output-path /Pods.build/Debug-iphonesimulator/StripePayments.build/Objects-normal/arm64/STDSEphemeralKeyPair.o
error \=non-modular-include-in-framework-module -Wno-trigraphs -Wno-missing-field-initializers -Wno-missing-prototypes -Werror\=return-type -Wdocumentation -Wunreachable-code -Wno-implicit-atomic-properties -Werror\=deprecated-objc-isa-usage -Wno-objc-interface-ivars -Werror\=objc-root-class -Wno-arc-repeated-use-of-weak -Wimplicit-retain-self -Wduplicate-method-match -Wno-missing-braces -Wparentheses -Wswitch -Wunused-function -Wno-unused-label -Wno-unused-parameter -Wunused-variable -Wunused-value -Wempty-body -Wuninitialized -Wconditional-uninitialized -Wno-unknown-pragmas -Wno-shadow -Wno-four-char-constants -Wno-conversion -Wconstant-conversion -Wint-conversion -Wbool-conversion -Wenum-conversion -Wno-float-conversion -Wnon-literal-null-conversion -Wobjc-literal-conversion -Wshorten-64-to-32 -Wpointer-sign -Wno-newline-eof -Wno-selector -Wno-strict-selector-match -Wundeclared-selector -Wdeprecated-implementations -Wno-implicit-fallthrough -fstrict-aliasing -Wprotocol -Wdeprecated-declarations -Wno-sign-conversion -Winfinite-recursion -Wcomma -Wblock-capture-autoreleasing -Wstrict-prototypes -Wno-semicolon-before-method-body -Wunguarded-availability -index-store-path /Users/fazalazim/Library/Developer/Xcode/DerivedData/portal-bakgnsackgonetajcjxmslqbqyuc/Index.noindex/DataStore @/Users/fazalazim/Library/Developer/Xcode/DerivedData/portal-bakgnsackgonetajcjxmslqbqyuc/Build/Intermediates.noindex/Pods.build/Debug-iphonesimulator/StripePayments.build/Objects-normal/arm64/e6072d4f65d7061329687fe24e3d63a7-common-args.resp -include /Users/fazalazim/macbook/Shell_pro/Portal_App/ios/Pods/Target\ Support\ Files/StripePayments/StripePayments-prefix.pch -MMD -MT dependencies -MF /Users/fazalazim/Library/Developer/Xcode/DerivedData/portal-bakgnsackgonetajcjxmslqbqyuc/Build/Intermediates.noindex/Pods.build/Debug-iphonesimulator/StripePayments.build/Objects-normal/arm64/STDSEllipticCurvePoint.d --serialize-diagnostics /Users/fazalazim/Library/Developer/Xcode/DerivedData/portal-bakgnsackgonetajcjxmslqbqyuc/Build/Intermediates.noindex/Pods.build/Debug-iphonesimulator/StripePayments.build/Objects-normal/arm64/STDSEllipticCurvePoint.dia -c /Users/fazalazim/macbook/Shell_pro/Portal_App/ios/Pods/StripePayments/Stripe3DS2/Stripe3DS2/STDSEllipticCurvePoint.m -o /Users/fazalazim/Library/Developer/Xcode/DerivedData/portal-bakgnsackgonetajcjxmslqbqyuc/Build/Intermediates.noindex/Pods.build/Debug-iphonesimulator/StripePayments.build/Objects-normal/arm64/STDSEllipticCurvePoint.o -index-unit-output-path /Pods.build/Debug-iphonesimulator/StripePayments.build/Objects-normal/arm64/STDSEllipticCurvePoint.o
error \=non-modular-include-in-framework-module -Wno-trigraphs -Wno-missing-field-initializers -Wno-missing-prototypes -Werror\=return-type -Wdocumentation -Wunreachable-code -Wno-implicit-atomic-properties -Werror\=deprecated-objc-isa-usage -Wno-objc-interface-ivars -Werror\=objc-root-class -Wno-arc-repeated-use-of-weak -Wimplicit-retain-self -Wduplicate-method-match -Wno-missing-braces -Wparentheses -Wswitch -Wunused-function -Wno-unused-label -Wno-unused-parameter -Wunused-variable -Wunused-value -Wempty-body -Wuninitialized -Wconditional-uninitialized -Wno-unknown-pragmas -Wno-shadow -Wno-four-char-constants -Wno-conversion -Wconstant-conversion -Wint-conversion -Wbool-conversion -Wenum-conversion -Wno-float-conversion -Wnon-literal-null-conversion -Wobjc-literal-conversion -Wshorten-64-to-32 -Wpointer-sign -Wno-newline-eof -Wno-selector -Wno-strict-selector-match -Wundeclared-selector -Wdeprecated-implementations -Wno-implicit-fallthrough -fstrict-aliasing -Wprotocol -Wdeprecated-declarations -Wno-sign-conversion -Winfinite-recursion -Wcomma -Wblock-capture-autoreleasing -Wstrict-prototypes -Wno-semicolon-before-method-body -Wunguarded-availability -index-store-path /Users/fazalazim/Library/Developer/Xcode/DerivedData/portal-bakgnsackgonetajcjxmslqbqyuc/Index.noindex/DataStore @/Users/fazalazim/Library/Developer/Xcode/DerivedData/portal-bakgnsackgonetajcjxmslqbqyuc/Build/Intermediates.noindex/Pods.build/Debug-iphonesimulator/StripePayments.build/Objects-normal/arm64/e6072d4f65d7061329687fe24e3d63a7-common-args.resp -include /Users/fazalazim/macbook/Shell_pro/Portal_App/ios/Pods/Target\ Support\ Files/StripePayments/StripePayments-prefix.pch -MMD -MT dependencies -MF /Users/fazalazim/Library/Developer/Xcode/DerivedData/portal-bakgnsackgonetajcjxmslqbqyuc/Build/Intermediates.noindex/Pods.build/Debug-iphonesimulator/StripePayments.build/Objects-normal/arm64/STDSDirectoryServerCertificate.d --serialize-diagnostics /Users/fazalazim/Library/Developer/Xcode/DerivedData/portal-bakgnsackgonetajcjxmslqbqyuc/Build/Intermediates.noindex/Pods.build/Debug-iphonesimulator/StripePayments.build/Objects-normal/arm64/STDSDirectoryServerCertificate.dia -c /Users/fazalazim/macbook/Shell_pro/Portal_App/ios/Pods/StripePayments/Stripe3DS2/Stripe3DS2/STDSDirectoryServerCertificate.m -o /Users/fazalazim/Library/Developer/Xcode/DerivedData/portal-bakgnsackgonetajcjxmslqbqyuc/Build/Intermediates.noindex/Pods.build/Debug-iphonesimulator/StripePayments.build/Objects-normal/arm64/STDSDirectoryServerCertificate.o -index-unit-output-path /Pods.build/Debug-iphonesimulator/StripePayments.build/Objects-normal/arm64/STDSDirectoryServerCertificate.o
error \=non-modular-include-in-framework-module -Wno-trigraphs -Wno-missing-field-initializers -Wno-missing-prototypes -Werror\=return-type -Wdocumentation -Wunreachable-code -Wno-implicit-atomic-properties -Werror\=deprecated-objc-isa-usage -Wno-objc-interface-ivars -Werror\=objc-root-class -Wno-arc-repeated-use-of-weak -Wimplicit-retain-self -Wduplicate-method-match -Wno-missing-braces -Wparentheses -Wswitch -Wunused-function -Wno-unused-label -Wno-unused-parameter -Wunused-variable -Wunused-value -Wempty-body -Wuninitialized -Wconditional-uninitialized -Wno-unknown-pragmas -Wno-shadow -Wno-four-char-constants -Wno-conversion -Wconstant-conversion -Wint-conversion -Wbool-conversion -Wenum-conversion -Wno-float-conversion -Wnon-literal-null-conversion -Wobjc-literal-conversion -Wshorten-64-to-32 -Wpointer-sign -Wno-newline-eof -Wno-selector -Wno-strict-selector-match -Wundeclared-selector -Wdeprecated-implementations -Wno-implicit-fallthrough -fstrict-aliasing -Wprotocol -Wdeprecated-declarations -Wno-sign-conversion -Winfinite-recursion -Wcomma -Wblock-capture-autoreleasing -Wstrict-prototypes -Wno-semicolon-before-method-body -Wunguarded-availability -index-store-path /Users/fazalazim/Library/Developer/Xcode/DerivedData/portal-bakgnsackgonetajcjxmslqbqyuc/Index.noindex/DataStore @/Users/fazalazim/Library/Developer/Xcode/DerivedData/portal-bakgnsackgonetajcjxmslqbqyuc/Build/Intermediates.noindex/Pods.build/Debug-iphonesimulator/StripePayments.build/Objects-normal/arm64/e6072d4f65d7061329687fe24e3d63a7-common-args.resp -include /Users/fazalazim/macbook/Shell_pro/Portal_App/ios/Pods/Target\ Support\ Files/StripePayments/StripePayments-prefix.pch -MMD -MT dependencies -MF /Users/fazalazim/Library/Developer/Xcode/DerivedData/portal-bakgnsackgonetajcjxmslqbqyuc/Build/Intermediates.noindex/Pods.build/Debug-iphonesimulator/StripePayments.build/Objects-normal/arm64/STDSDeviceInformationParameter.d --serialize-diagnostics /Users/fazalazim/Library/Developer/Xcode/DerivedData/portal-bakgnsackgonetajcjxmslqbqyuc/Build/Intermediates.noindex/Pods.build/Debug-iphonesimulator/StripePayments.build/Objects-normal/arm64/STDSDeviceInformationParameter.dia -c /Users/fazalazim/macbook/Shell_pro/Portal_App/ios/Pods/StripePayments/Stripe3DS2/Stripe3DS2/STDSDeviceInformationParameter.m -o /Users/fazalazim/Library/Developer/Xcode/DerivedData/portal-bakgnsackgonetajcjxmslqbqyuc/Build/Intermediates.noindex/Pods.build/Debug-iphonesimulator/StripePayments.build/Objects-normal/arm64/STDSDeviceInformationParameter.o -index-unit-output-path /Pods.build/Debug-iphonesimulator/StripePayments.build/Objects-normal/arm64/STDSDeviceInformationParameter.o
error \=non-modular-include-in-framework-module -Wno-trigraphs -Wno-missing-field-initializers -Wno-missing-prototypes -Werror\=return-type -Wdocumentation -Wunreachable-code -Wno-implicit-atomic-properties -Werror\=deprecated-objc-isa-usage -Wno-objc-interface-ivars -Werror\=objc-root-class -Wno-arc-repeated-use-of-weak -Wimplicit-retain-self -Wduplicate-method-match -Wno-missing-braces -Wparentheses -Wswitch -Wunused-function -Wno-unused-label -Wno-unused-parameter -Wunused-variable -Wunused-value -Wempty-body -Wuninitialized -Wconditional-uninitialized -Wno-unknown-pragmas -Wno-shadow -Wno-four-char-constants -Wno-conversion -Wconstant-conversion -Wint-conversion -Wbool-conversion -Wenum-conversion -Wno-float-conversion -Wnon-literal-null-conversion -Wobjc-literal-conversion -Wshorten-64-to-32 -Wpointer-sign -Wno-newline-eof -Wno-selector -Wno-strict-selector-match -Wundeclared-selector -Wdeprecated-implementations -Wno-implicit-fallthrough -fstrict-aliasing -Wprotocol -Wdeprecated-declarations -Wno-sign-conversion -Winfinite-recursion -Wcomma -Wblock-capture-autoreleasing -Wstrict-prototypes -Wno-semicolon-before-method-body -Wunguarded-availability -index-store-path /Users/fazalazim/Library/Developer/Xcode/DerivedData/portal-bakgnsackgonetajcjxmslqbqyuc/Index.noindex/DataStore @/Users/fazalazim/Library/Developer/Xcode/DerivedData/portal-bakgnsackgonetajcjxmslqbqyuc/Build/Intermediates.noindex/Pods.build/Debug-iphonesimulator/StripePayments.build/Objects-normal/arm64/e6072d4f65d7061329687fe24e3d63a7-common-args.resp -include /Users/fazalazim/macbook/Shell_pro/Portal_App/ios/Pods/Target\ Support\ Files/StripePayments/StripePayments-prefix.pch -MMD -MT dependencies -MF /Users/fazalazim/Library/Developer/Xcode/DerivedData/portal-bakgnsackgonetajcjxmslqbqyuc/Build/Intermediates.noindex/Pods.build/Debug-iphonesimulator/StripePayments.build/Objects-normal/arm64/STDSDeviceInformationManager.d --serialize-diagnostics /Users/fazalazim/Library/Developer/Xcode/DerivedData/portal-bakgnsackgonetajcjxmslqbqyuc/Build/Intermediates.noindex/Pods.build/Debug-iphonesimulator/StripePayments.build/Objects-normal/arm64/STDSDeviceInformationManager.dia -c /Users/fazalazim/macbook/Shell_pro/Portal_App/ios/Pods/StripePayments/Stripe3DS2/Stripe3DS2/STDSDeviceInformationManager.m -o /Users/fazalazim/Library/Developer/Xcode/DerivedData/portal-bakgnsackgonetajcjxmslqbqyuc/Build/Intermediates.noindex/Pods.build/Debug-iphonesimulator/StripePayments.build/Objects-normal/arm64/STDSDeviceInformationManager.o -index-unit-output-path /Pods.build/Debug-iphonesimulator/StripePayments.build/Objects-normal/arm64/STDSDeviceInformationManager.o
error \=non-modular-include-in-framework-module -Wno-trigraphs -Wno-missing-field-initializers -Wno-missing-prototypes -Werror\=return-type -Wdocumentation -Wunreachable-code -Wno-implicit-atomic-properties -Werror\=deprecated-objc-isa-usage -Wno-objc-interface-ivars -Werror\=objc-root-class -Wno-arc-repeated-use-of-weak -Wimplicit-retain-self -Wduplicate-method-match -Wno-missing-braces -Wparentheses -Wswitch -Wunused-function -Wno-unused-label -Wno-unused-parameter -Wunused-variable -Wunused-value -Wempty-body -Wuninitialized -Wconditional-uninitialized -Wno-unknown-pragmas -Wno-shadow -Wno-four-char-constants -Wno-conversion -Wconstant-conversion -Wint-conversion -Wbool-conversion -Wenum-conversion -Wno-float-conversion -Wnon-literal-null-conversion -Wobjc-literal-conversion -Wshorten-64-to-32 -Wpointer-sign -Wno-newline-eof -Wno-selector -Wno-strict-selector-match -Wundeclared-selector -Wdeprecated-implementations -Wno-implicit-fallthrough -fstrict-aliasing -Wprotocol -Wdeprecated-declarations -Wno-sign-conversion -Winfinite-recursion -Wcomma -Wblock-capture-autoreleasing -Wstrict-prototypes -Wno-semicolon-before-method-body -Wunguarded-availability -index-store-path /Users/fazalazim/Library/Developer/Xcode/DerivedData/portal-bakgnsackgonetajcjxmslqbqyuc/Index.noindex/DataStore @/Users/fazalazim/Library/Developer/Xcode/DerivedData/portal-bakgnsackgonetajcjxmslqbqyuc/Build/Intermediates.noindex/Pods.build/Debug-iphonesimulator/StripePayments.build/Objects-normal/arm64/e6072d4f65d7061329687fe24e3d63a7-common-args.resp -include /Users/fazalazim/macbook/Shell_pro/Portal_App/ios/Pods/Target\ Support\ Files/StripePayments/StripePayments-prefix.pch -MMD -MT dependencies -MF /Users/fazalazim/Library/Developer/Xcode/DerivedData/portal-bakgnsackgonetajcjxmslqbqyuc/Build/Intermediates.noindex/Pods.build/Debug-iphonesimulator/StripePayments.build/Objects-normal/arm64/STDSDeviceInformation.d --serialize-diagnostics /Users/fazalazim/Library/Developer/Xcode/DerivedData/portal-bakgnsackgonetajcjxmslqbqyuc/Build/Intermediates.noindex/Pods.build/Debug-iphonesimulator/StripePayments.build/Objects-normal/arm64/STDSDeviceInformation.dia -c /Users/fazalazim/macbook/Shell_pro/Portal_App/ios/Pods/StripePayments/Stripe3DS2/Stripe3DS2/STDSDeviceInformation.m -o /Users/fazalazim/Library/Developer/Xcode/DerivedData/portal-bakgnsackgonetajcjxmslqbqyuc/Build/Intermediates.noindex/Pods.build/Debug-iphonesimulator/StripePayments.build/Objects-normal/arm64/STDSDeviceInformation.o -index-unit-output-path /Pods.build/Debug-iphonesimulator/StripePayments.build/Objects-normal/arm64/STDSDeviceInformation.o
error \=non-modular-include-in-framework-module -Wno-trigraphs -Wno-missing-field-initializers -Wno-missing-prototypes -Werror\=return-type -Wdocumentation -Wunreachable-code -Wno-implicit-atomic-properties -Werror\=deprecated-objc-isa-usage -Wno-objc-interface-ivars -Werror\=objc-root-class -Wno-arc-repeated-use-of-weak -Wimplicit-retain-self -Wduplicate-method-match -Wno-missing-braces -Wparentheses -Wswitch -Wunused-function -Wno-unused-label -Wno-unused-parameter -Wunused-variable -Wunused-value -Wempty-body -Wuninitialized -Wconditional-uninitialized -Wno-unknown-pragmas -Wno-shadow -Wno-four-char-constants -Wno-conversion -Wconstant-conversion -Wint-conversion -Wbool-conversion -Wenum-conversion -Wno-float-conversion -Wnon-literal-null-conversion -Wobjc-literal-conversion -Wshorten-64-to-32 -Wpointer-sign -Wno-newline-eof -Wno-selector -Wno-strict-selector-match -Wundeclared-selector -Wdeprecated-implementations -Wno-implicit-fallthrough -fstrict-aliasing -Wprotocol -Wdeprecated-declarations -Wno-sign-conversion -Winfinite-recursion -Wcomma -Wblock-capture-autoreleasing -Wstrict-prototypes -Wno-semicolon-before-method-body -Wunguarded-availability -index-store-path /Users/fazalazim/Library/Developer/Xcode/DerivedData/portal-bakgnsackgonetajcjxmslqbqyuc/Index.noindex/DataStore @/Users/fazalazim/Library/Developer/Xcode/DerivedData/portal-bakgnsackgonetajcjxmslqbqyuc/Build/Intermediates.noindex/Pods.build/Debug-iphonesimulator/StripePayments.build/Objects-normal/arm64/e6072d4f65d7061329687fe24e3d63a7-common-args.resp -include /Users/fazalazim/macbook/Shell_pro/Portal_App/ios/Pods/Target\ Support\ Files/StripePayments/StripePayments-prefix.pch -MMD -MT dependencies -MF /Users/fazalazim/Library/Developer/Xcode/DerivedData/portal-bakgnsackgonetajcjxmslqbqyuc/Build/Intermediates.noindex/Pods.build/Debug-iphonesimulator/StripePayments.build/Objects-normal/arm64/STDSDebuggerChecker.d --serialize-diagnostics /Users/fazalazim/Library/Developer/Xcode/DerivedData/portal-bakgnsackgonetajcjxmslqbqyuc/Build/Intermediates.noindex/Pods.build/Debug-iphonesimulator/StripePayments.build/Objects-normal/arm64/STDSDebuggerChecker.dia -c /Users/fazalazim/macbook/Shell_pro/Portal_App/ios/Pods/StripePayments/Stripe3DS2/Stripe3DS2/STDSDebuggerChecker.m -o /Users/fazalazim/Library/Developer/Xcode/DerivedData/portal-bakgnsackgonetajcjxmslqbqyuc/Build/Intermediates.noindex/Pods.build/Debug-iphonesimulator/StripePayments.build/Objects-normal/arm64/STDSDebuggerChecker.o -index-unit-output-path /Pods.build/Debug-iphonesimulator/StripePayments.build/Objects-normal/arm64/STDSDebuggerChecker.o
error \=non-modular-include-in-framework-module -Wno-trigraphs -Wno-missing-field-initializers -Wno-missing-prototypes -Werror\=return-type -Wdocumentation -Wunreachable-code -Wno-implicit-atomic-properties -Werror\=deprecated-objc-isa-usage -Wno-objc-interface-ivars -Werror\=objc-root-class -Wno-arc-repeated-use-of-weak -Wimplicit-retain-self -Wduplicate-method-match -Wno-missing-braces -Wparentheses -Wswitch -Wunused-function -Wno-unused-label -Wno-unused-parameter -Wunused-variable -Wunused-value -Wempty-body -Wuninitialized -Wconditional-uninitialized -Wno-unknown-pragmas -Wno-shadow -Wno-four-char-constants -Wno-conversion -Wconstant-conversion -Wint-conversion -Wbool-conversion -Wenum-conversion -Wno-float-conversion -Wnon-literal-null-conversion -Wobjc-literal-conversion -Wshorten-64-to-32 -Wpointer-sign -Wno-newline-eof -Wno-selector -Wno-strict-selector-match -Wundeclared-selector -Wdeprecated-implementations -Wno-implicit-fallthrough -fstrict-aliasing -Wprotocol -Wdeprecated-declarations -Wno-sign-conversion -Winfinite-recursion -Wcomma -Wblock-capture-autoreleasing -Wstrict-prototypes -Wno-semicolon-before-method-body -Wunguarded-availability -index-store-path /Users/fazalazim/Library/Developer/Xcode/DerivedData/portal-bakgnsackgonetajcjxmslqbqyuc/Index.noindex/DataStore @/Users/fazalazim/Library/Developer/Xcode/DerivedData/portal-bakgnsackgonetajcjxmslqbqyuc/Build/Intermediates.noindex/Pods.build/Debug-iphonesimulator/StripePayments.build/Objects-normal/arm64/e6072d4f65d7061329687fe24e3d63a7-common-args.resp -include /Users/fazalazim/macbook/Shell_pro/Portal_App/ios/Pods/Target\ Support\ Files/StripePayments/StripePayments-prefix.pch -MMD -MT dependencies -MF /Users/fazalazim/Library/Developer/Xcode/DerivedData/portal-bakgnsackgonetajcjxmslqbqyuc/Build/Intermediates.noindex/Pods.build/Debug-iphonesimulator/StripePayments.build/Objects-normal/arm64/STDSCustomization.d --serialize-diagnostics /Users/fazalazim/Library/Developer/Xcode/DerivedData/portal-bakgnsackgonetajcjxmslqbqyuc/Build/Intermediates.noindex/Pods.build/Debug-iphonesimulator/StripePayments.build/Objects-normal/arm64/STDSCustomization.dia -c /Users/fazalazim/macbook/Shell_pro/Portal_App/ios/Pods/StripePayments/Stripe3DS2/Stripe3DS2/include/STDSCustomization.m -o /Users/fazalazim/Library/Developer/Xcode/DerivedData/portal-bakgnsackgonetajcjxmslqbqyuc/Build/Intermediates.noindex/Pods.build/Debug-iphonesimulator/StripePayments.build/Objects-normal/arm64/STDSCustomization.o -index-unit-output-path /Pods.build/Debug-iphonesimulator/StripePayments.build/Objects-normal/arm64/STDSCustomization.o
error \=non-modular-include-in-framework-module -Wno-trigraphs -Wno-missing-field-initializers -Wno-missing-prototypes -Werror\=return-type -Wdocumentation -Wunreachable-code -Wno-implicit-atomic-properties -Werror\=deprecated-objc-isa-usage -Wno-objc-interface-ivars -Werror\=objc-root-class -Wno-arc-repeated-use-of-weak -Wimplicit-retain-self -Wduplicate-method-match -Wno-missing-braces -Wparentheses -Wswitch -Wunused-function -Wno-unused-label -Wno-unused-parameter -Wunused-variable -Wunused-value -Wempty-body -Wuninitialized -Wconditional-uninitialized -Wno-unknown-pragmas -Wno-shadow -Wno-four-char-constants -Wno-conversion -Wconstant-conversion -Wint-conversion -Wbool-conversion -Wenum-conversion -Wno-float-conversion -Wnon-literal-null-conversion -Wobjc-literal-conversion -Wshorten-64-to-32 -Wpointer-sign -Wno-newline-eof -Wno-selector -Wno-strict-selector-match -Wundeclared-selector -Wdeprecated-implementations -Wno-implicit-fallthrough -fstrict-aliasing -Wprotocol -Wdeprecated-declarations -Wno-sign-conversion -Winfinite-recursion -Wcomma -Wblock-capture-autoreleasing -Wstrict-prototypes -Wno-semicolon-before-method-body -Wunguarded-availability -index-store-path /Users/fazalazim/Library/Developer/Xcode/DerivedData/portal-bakgnsackgonetajcjxmslqbqyuc/Index.noindex/DataStore @/Users/fazalazim/Library/Developer/Xcode/DerivedData/portal-bakgnsackgonetajcjxmslqbqyuc/Build/Intermediates.noindex/Pods.build/Debug-iphonesimulator/StripePayments.build/Objects-normal/arm64/e6072d4f65d7061329687fe24e3d63a7-common-args.resp -include /Users/fazalazim/macbook/Shell_pro/Portal_App/ios/Pods/Target\ Support\ Files/StripePayments/StripePayments-prefix.pch -MMD -MT dependencies -MF /Users/fazalazim/Library/Developer/Xcode/DerivedData/portal-bakgnsackgonetajcjxmslqbqyuc/Build/Intermediates.noindex/Pods.build/Debug-iphonesimulator/StripePayments.build/Objects-normal/arm64/STDSConfigParameters.d --serialize-diagnostics /Users/fazalazim/Library/Developer/Xcode/DerivedData/portal-bakgnsackgonetajcjxmslqbqyuc/Build/Intermediates.noindex/Pods.build/Debug-iphonesimulator/StripePayments.build/Objects-normal/arm64/STDSConfigParameters.dia -c /Users/fazalazim/macbook/Shell_pro/Portal_App/ios/Pods/StripePayments/Stripe3DS2/Stripe3DS2/include/STDSConfigParameters.m -o /Users/fazalazim/Library/Developer/Xcode/DerivedData/portal-bakgnsackgonetajcjxmslqbqyuc/Build/Intermediates.noindex/Pods.build/Debug-iphonesimulator/StripePayments.build/Objects-normal/arm64/STDSConfigParameters.o -index-unit-output-path /Pods.build/Debug-iphonesimulator/StripePayments.build/Objects-normal/arm64/STDSConfigParameters.o
error \=non-modular-include-in-framework-module -Wno-trigraphs -Wno-missing-field-initializers -Wno-missing-prototypes -Werror\=return-type -Wdocumentation -Wunreachable-code -Wno-implicit-atomic-properties -Werror\=deprecated-objc-isa-usage -Wno-objc-interface-ivars -Werror\=objc-root-class -Wno-arc-repeated-use-of-weak -Wimplicit-retain-self -Wduplicate-method-match -Wno-missing-braces -Wparentheses -Wswitch -Wunused-function -Wno-unused-label -Wno-unused-parameter -Wunused-variable -Wunused-value -Wempty-body -Wuninitialized -Wconditional-uninitialized -Wno-unknown-pragmas -Wno-shadow -Wno-four-char-constants -Wno-conversion -Wconstant-conversion -Wint-conversion -Wbool-conversion -Wenum-conversion -Wno-float-conversion -Wnon-literal-null-conversion -Wobjc-literal-conversion -Wshorten-64-to-32 -Wpointer-sign -Wno-newline-eof -Wno-selector -Wno-strict-selector-match -Wundeclared-selector -Wdeprecated-implementations -Wno-implicit-fallthrough -fstrict-aliasing -Wprotocol -Wdeprecated-declarations -Wno-sign-conversion -Winfinite-recursion -Wcomma -Wblock-capture-autoreleasing -Wstrict-prototypes -Wno-semicolon-before-method-body -Wunguarded-availability -index-store-path /Users/fazalazim/Library/Developer/Xcode/DerivedData/portal-bakgnsackgonetajcjxmslqbqyuc/Index.noindex/DataStore @/Users/fazalazim/Library/Developer/Xcode/DerivedData/portal-bakgnsackgonetajcjxmslqbqyuc/Build/Intermediates.noindex/Pods.build/Debug-iphonesimulator/StripePayments.build/Objects-normal/arm64/e6072d4f65d7061329687fe24e3d63a7-common-args.resp -include /Users/fazalazim/macbook/Shell_pro/Portal_App/ios/Pods/Target\ Support\ Files/StripePayments/StripePayments-prefix.pch -MMD -MT dependencies -MF /Users/fazalazim/Library/Developer/Xcode/DerivedData/portal-bakgnsackgonetajcjxmslqbqyuc/Build/Intermediates.noindex/Pods.build/Debug-iphonesimulator/StripePayments.build/Objects-normal/arm64/STDSCompletionEvent.d --serialize-diagnostics /Users/fazalazim/Library/Developer/Xcode/DerivedData/portal-bakgnsackgonetajcjxmslqbqyuc/Build/Intermediates.noindex/Pods.build/Debug-iphonesimulator/StripePayments.build/Objects-normal/arm64/STDSCompletionEvent.dia -c /Users/fazalazim/macbook/Shell_pro/Portal_App/ios/Pods/StripePayments/Stripe3DS2/Stripe3DS2/include/STDSCompletionEvent.m -o /Users/fazalazim/Library/Developer/Xcode/DerivedData/portal-bakgnsackgonetajcjxmslqbqyuc/Build/Intermediates.noindex/Pods.build/Debug-iphonesimulator/StripePayments.build/Objects-normal/arm64/STDSCompletionEvent.o -index-unit-output-path /Pods.build/Debug-iphonesimulator/StripePayments.build/Objects-normal/arm64/STDSCompletionEvent.o
error \=non-modular-include-in-framework-module -Wno-trigraphs -Wno-missing-field-initializers -Wno-missing-prototypes -Werror\=return-type -Wdocumentation -Wunreachable-code -Wno-implicit-atomic-properties -Werror\=deprecated-objc-isa-usage -Wno-objc-interface-ivars -Werror\=objc-root-class -Wno-arc-repeated-use-of-weak -Wimplicit-retain-self -Wduplicate-method-match -Wno-missing-braces -Wparentheses -Wswitch -Wunused-function -Wno-unused-label -Wno-unused-parameter -Wunused-variable -Wunused-value -Wempty-body -Wuninitialized -Wconditional-uninitialized -Wno-unknown-pragmas -Wno-shadow -Wno-four-char-constants -Wno-conversion -Wconstant-conversion -Wint-conversion -Wbool-conversion -Wenum-conversion -Wno-float-conversion -Wnon-literal-null-conversion -Wobjc-literal-conversion -Wshorten-64-to-32 -Wpointer-sign -Wno-newline-eof -Wno-selector -Wno-strict-selector-match -Wundeclared-selector -Wdeprecated-implementations -Wno-implicit-fallthrough -fstrict-aliasing -Wprotocol -Wdeprecated-declarations -Wno-sign-conversion -Winfinite-recursion -Wcomma -Wblock-capture-autoreleasing -Wstrict-prototypes -Wno-semicolon-before-method-body -Wunguarded-availability -index-store-path /Users/fazalazim/Library/Developer/Xcode/DerivedData/portal-bakgnsackgonetajcjxmslqbqyuc/Index.noindex/DataStore @/Users/fazalazim/Library/Developer/Xcode/DerivedData/portal-bakgnsackgonetajcjxmslqbqyuc/Build/Intermediates.noindex/Pods.build/Debug-iphonesimulator/StripePayments.build/Objects-normal/arm64/e6072d4f65d7061329687fe24e3d63a7-common-args.resp -include /Users/fazalazim/macbook/Shell_pro/Portal_App/ios/Pods/Target\ Support\ Files/StripePayments/StripePayments-prefix.pch -MMD -MT dependencies -MF /Users/fazalazim/Library/Developer/Xcode/DerivedData/portal-bakgnsackgonetajcjxmslqbqyuc/Build/Intermediates.noindex/Pods.build/Debug-iphonesimulator/StripePayments.build/Objects-normal/arm64/STDSChallengeSelectionView.d --serialize-diagnostics /Users/fazalazim/Library/Developer/Xcode/DerivedData/portal-bakgnsackgonetajcjxmslqbqyuc/Build/Intermediates.noindex/Pods.build/Debug-iphonesimulator/StripePayments.build/Objects-normal/arm64/STDSChallengeSelectionView.dia -c /Users/fazalazim/macbook/Shell_pro/Portal_App/ios/Pods/StripePayments/Stripe3DS2/Stripe3DS2/STDSChallengeSelectionView.m -o /Users/fazalazim/Library/Developer/Xcode/DerivedData/portal-bakgnsackgonetajcjxmslqbqyuc/Build/Intermediates.noindex/Pods.build/Debug-iphonesimulator/StripePayments.build/Objects-normal/arm64/STDSChallengeSelectionView.o -index-unit-output-path /Pods.build/Debug-iphonesimulator/StripePayments.build/Objects-normal/arm64/STDSChallengeSelectionView.o
error \=non-modular-include-in-framework-module -Wno-trigraphs -Wno-missing-field-initializers -Wno-missing-prototypes -Werror\=return-type -Wdocumentation -Wunreachable-code -Wno-implicit-atomic-properties -Werror\=deprecated-objc-isa-usage -Wno-objc-interface-ivars -Werror\=objc-root-class -Wno-arc-repeated-use-of-weak -Wimplicit-retain-self -Wduplicate-method-match -Wno-missing-braces -Wparentheses -Wswitch -Wunused-function -Wno-unused-label -Wno-unused-parameter -Wunused-variable -Wunused-value -Wempty-body -Wuninitialized -Wconditional-uninitialized -Wno-unknown-pragmas -Wno-shadow -Wno-four-char-constants -Wno-conversion -Wconstant-conversion -Wint-conversion -Wbool-conversion -Wenum-conversion -Wno-float-conversion -Wnon-literal-null-conversion -Wobjc-literal-conversion -Wshorten-64-to-32 -Wpointer-sign -Wno-newline-eof -Wno-selector -Wno-strict-selector-match -Wundeclared-selector -Wdeprecated-implementations -Wno-implicit-fallthrough -fstrict-aliasing -Wprotocol -Wdeprecated-declarations -Wno-sign-conversion -Winfinite-recursion -Wcomma -Wblock-capture-autoreleasing -Wstrict-prototypes -Wno-semicolon-before-method-body -Wunguarded-availability -index-store-path /Users/fazalazim/Library/Developer/Xcode/DerivedData/portal-bakgnsackgonetajcjxmslqbqyuc/Index.noindex/DataStore @/Users/fazalazim/Library/Developer/Xcode/DerivedData/portal-bakgnsackgonetajcjxmslqbqyuc/Build/Intermediates.noindex/Pods.build/Debug-iphonesimulator/StripePayments.build/Objects-normal/arm64/e6072d4f65d7061329687fe24e3d63a7-common-args.resp -include /Users/fazalazim/macbook/Shell_pro/Portal_App/ios/Pods/Target\ Support\ Files/StripePayments/StripePayments-prefix.pch -MMD -MT dependencies -MF /Users/fazalazim/Library/Developer/Xcode/DerivedData/portal-bakgnsackgonetajcjxmslqbqyuc/Build/Intermediates.noindex/Pods.build/Debug-iphonesimulator/StripePayments.build/Objects-normal/arm64/STDSChallengeResponseViewController.d --serialize-diagnostics /Users/fazalazim/Library/Developer/Xcode/DerivedData/portal-bakgnsackgonetajcjxmslqbqyuc/Build/Intermediates.noindex/Pods.build/Debug-iphonesimulator/StripePayments.build/Objects-normal/arm64/STDSChallengeResponseViewController.dia -c /Users/fazalazim/macbook/Shell_pro/Portal_App/ios/Pods/StripePayments/Stripe3DS2/Stripe3DS2/STDSChallengeResponseViewController.m -o /Users/fazalazim/Library/Developer/Xcode/DerivedData/portal-bakgnsackgonetajcjxmslqbqyuc/Build/Intermediates.noindex/Pods.build/Debug-iphonesimulator/StripePayments.build/Objects-normal/arm64/STDSChallengeResponseViewController.o -index-unit-output-path /Pods.build/Debug-iphonesimulator/StripePayments.build/Objects-normal/arm64/STDSChallengeResponseViewController.o
error \=non-modular-include-in-framework-module -Wno-trigraphs -Wno-missing-field-initializers -Wno-missing-prototypes -Werror\=return-type -Wdocumentation -Wunreachable-code -Wno-implicit-atomic-properties -Werror\=deprecated-objc-isa-usage -Wno-objc-interface-ivars -Werror\=objc-root-class -Wno-arc-repeated-use-of-weak -Wimplicit-retain-self -Wduplicate-method-match -Wno-missing-braces -Wparentheses -Wswitch -Wunused-function -Wno-unused-label -Wno-unused-parameter -Wunused-variable -Wunused-value -Wempty-body -Wuninitialized -Wconditional-uninitialized -Wno-unknown-pragmas -Wno-shadow -Wno-four-char-constants -Wno-conversion -Wconstant-conversion -Wint-conversion -Wbool-conversion -Wenum-conversion -Wno-float-conversion -Wnon-literal-null-conversion -Wobjc-literal-conversion -Wshorten-64-to-32 -Wpointer-sign -Wno-newline-eof -Wno-selector -Wno-strict-selector-match -Wundeclared-selector -Wdeprecated-implementations -Wno-implicit-fallthrough -fstrict-aliasing -Wprotocol -Wdeprecated-declarations -Wno-sign-conversion -Winfinite-recursion -Wcomma -Wblock-capture-autoreleasing -Wstrict-prototypes -Wno-semicolon-before-method-body -Wunguarded-availability -index-store-path /Users/fazalazim/Library/Developer/Xcode/DerivedData/portal-bakgnsackgonetajcjxmslqbqyuc/Index.noindex/DataStore @/Users/fazalazim/Library/Developer/Xcode/DerivedData/portal-bakgnsackgonetajcjxmslqbqyuc/Build/Intermediates.noindex/Pods.build/Debug-iphonesimulator/StripePayments.build/Objects-normal/arm64/e6072d4f65d7061329687fe24e3d63a7-common-args.resp -include /Users/fazalazim/macbook/Shell_pro/Portal_App/ios/Pods/Target\ Support\ Files/StripePayments/StripePayments-prefix.pch -MMD -MT dependencies -MF /Users/fazalazim/Library/Developer/Xcode/DerivedData/portal-bakgnsackgonetajcjxmslqbqyuc/Build/Intermediates.noindex/Pods.build/Debug-iphonesimulator/StripePayments.build/Objects-normal/arm64/STDSChallengeResponseSelectionInfoObject.d --serialize-diagnostics /Users/fazalazim/Library/Developer/Xcode/DerivedData/portal-bakgnsackgonetajcjxmslqbqyuc/Build/Intermediates.noindex/Pods.build/Debug-iphonesimulator/StripePayments.build/Objects-normal/arm64/STDSChallengeResponseSelectionInfoObject.dia -c /Users/fazalazim/macbook/Shell_pro/Portal_App/ios/Pods/StripePayments/Stripe3DS2/Stripe3DS2/STDSChallengeResponseSelectionInfoObject.m -o /Users/fazalazim/Library/Developer/Xcode/DerivedData/portal-bakgnsackgonetajcjxmslqbqyuc/Build/Intermediates.noindex/Pods.build/Debug-iphonesimulator/StripePayments.build/Objects-normal/arm64/STDSChallengeResponseSelectionInfoObject.o -index-unit-output-path /Pods.build/Debug-iphonesimulator/StripePayments.build/Objects-normal/arm64/STDSChallengeResponseSelectionInfoObject.o
error \=non-modular-include-in-framework-module -Wno-trigraphs -Wno-missing-field-initializers -Wno-missing-prototypes -Werror\=return-type -Wdocumentation -Wunreachable-code -Wno-implicit-atomic-properties -Werror\=deprecated-objc-isa-usage -Wno-objc-interface-ivars -Werror\=objc-root-class -Wno-arc-repeated-use-of-weak -Wimplicit-retain-self -Wduplicate-method-match -Wno-missing-braces -Wparentheses -Wswitch -Wunused-function -Wno-unused-label -Wno-unused-parameter -Wunused-variable -Wunused-value -Wempty-body -Wuninitialized -Wconditional-uninitialized -Wno-unknown-pragmas -Wno-shadow -Wno-four-char-constants -Wno-conversion -Wconstant-conversion -Wint-conversion -Wbool-conversion -Wenum-conversion -Wno-float-conversion -Wnon-literal-null-conversion -Wobjc-literal-conversion -Wshorten-64-to-32 -Wpointer-sign -Wno-newline-eof -Wno-selector -Wno-strict-selector-match -Wundeclared-selector -Wdeprecated-implementations -Wno-implicit-fallthrough -fstrict-aliasing -Wprotocol -Wdeprecated-declarations -Wno-sign-conversion -Winfinite-recursion -Wcomma -Wblock-capture-autoreleasing -Wstrict-prototypes -Wno-semicolon-before-method-body -Wunguarded-availability -index-store-path /Users/fazalazim/Library/Developer/Xcode/DerivedData/portal-bakgnsackgonetajcjxmslqbqyuc/Index.noindex/DataStore @/Users/fazalazim/Library/Developer/Xcode/DerivedData/portal-bakgnsackgonetajcjxmslqbqyuc/Build/Intermediates.noindex/Pods.build/Debug-iphonesimulator/StripePayments.build/Objects-normal/arm64/e6072d4f65d7061329687fe24e3d63a7-common-args.resp -include /Users/fazalazim/macbook/Shell_pro/Portal_App/ios/Pods/Target\ Support\ Files/StripePayments/StripePayments-prefix.pch -MMD -MT dependencies -MF /Users/fazalazim/Library/Developer/Xcode/DerivedData/portal-bakgnsackgonetajcjxmslqbqyuc/Build/Intermediates.noindex/Pods.build/Debug-iphonesimulator/StripePayments.build/Objects-normal/arm64/STDSChallengeResponseObject.d --serialize-diagnostics /Users/fazalazim/Library/Developer/Xcode/DerivedData/portal-bakgnsackgonetajcjxmslqbqyuc/Build/Intermediates.noindex/Pods.build/Debug-iphonesimulator/StripePayments.build/Objects-normal/arm64/STDSChallengeResponseObject.dia -c /Users/fazalazim/macbook/Shell_pro/Portal_App/ios/Pods/StripePayments/Stripe3DS2/Stripe3DS2/STDSChallengeResponseObject.m -o /Users/fazalazim/Library/Developer/Xcode/DerivedData/portal-bakgnsackgonetajcjxmslqbqyuc/Build/Intermediates.noindex/Pods.build/Debug-iphonesimulator/StripePayments.build/Objects-normal/arm64/STDSChallengeResponseObject.o -index-unit-output-path /Pods.build/Debug-iphonesimulator/StripePayments.build/Objects-normal/arm64/STDSChallengeResponseObject.o
error \=non-modular-include-in-framework-module -Wno-trigraphs -Wno-missing-field-initializers -Wno-missing-prototypes -Werror\=return-type -Wdocumentation -Wunreachable-code -Wno-implicit-atomic-properties -Werror\=deprecated-objc-isa-usage -Wno-objc-interface-ivars -Werror\=objc-root-class -Wno-arc-repeated-use-of-weak -Wimplicit-retain-self -Wduplicate-method-match -Wno-missing-braces -Wparentheses -Wswitch -Wunused-function -Wno-unused-label -Wno-unused-parameter -Wunused-variable -Wunused-value -Wempty-body -Wuninitialized -Wconditional-uninitialized -Wno-unknown-pragmas -Wno-shadow -Wno-four-char-constants -Wno-conversion -Wconstant-conversion -Wint-conversion -Wbool-conversion -Wenum-conversion -Wno-float-conversion -Wnon-literal-null-conversion -Wobjc-literal-conversion -Wshorten-64-to-32 -Wpointer-sign -Wno-newline-eof -Wno-selector -Wno-strict-selector-match -Wundeclared-selector -Wdeprecated-implementations -Wno-implicit-fallthrough -fstrict-aliasing -Wprotocol -Wdeprecated-declarations -Wno-sign-conversion -Winfinite-recursion -Wcomma -Wblock-capture-autoreleasing -Wstrict-prototypes -Wno-semicolon-before-method-body -Wunguarded-availability -index-store-path /Users/fazalazim/Library/Developer/Xcode/DerivedData/portal-bakgnsackgonetajcjxmslqbqyuc/Index.noindex/DataStore @/Users/fazalazim/Library/Developer/Xcode/DerivedData/portal-bakgnsackgonetajcjxmslqbqyuc/Build/Intermediates.noindex/Pods.build/Debug-iphonesimulator/StripePayments.build/Objects-normal/arm64/e6072d4f65d7061329687fe24e3d63a7-common-args.resp -include /Users/fazalazim/macbook/Shell_pro/Portal_App/ios/Pods/Target\ Support\ Files/StripePayments/StripePayments-prefix.pch -MMD -MT dependencies -MF /Users/fazalazim/Library/Developer/Xcode/DerivedData/portal-bakgnsackgonetajcjxmslqbqyuc/Build/Intermediates.noindex/Pods.build/Debug-iphonesimulator/StripePayments.build/Objects-normal/arm64/STDSChallengeResponseMessageExtensionObject.d --serialize-diagnostics /Users/fazalazim/Library/Developer/Xcode/DerivedData/portal-bakgnsackgonetajcjxmslqbqyuc/Build/Intermediates.noindex/Pods.build/Debug-iphonesimulator/StripePayments.build/Objects-normal/arm64/STDSChallengeResponseMessageExtensionObject.dia -c /Users/fazalazim/macbook/Shell_pro/Portal_App/ios/Pods/StripePayments/Stripe3DS2/Stripe3DS2/STDSChallengeResponseMessageExtensionObject.m -o /Users/fazalazim/Library/Developer/Xcode/DerivedData/portal-bakgnsackgonetajcjxmslqbqyuc/Build/Intermediates.noindex/Pods.build/Debug-iphonesimulator/StripePayments.build/Objects-normal/arm64/STDSChallengeResponseMessageExtensionObject.o -index-unit-output-path /Pods.build/Debug-iphonesimulator/StripePayments.build/Objects-normal/arm64/STDSChallengeResponseMessageExtensionObject.o
error \=non-modular-include-in-framework-module -Wno-trigraphs -Wno-missing-field-initializers -Wno-missing-prototypes -Werror\=return-type -Wdocumentation -Wunreachable-code -Wno-implicit-atomic-properties -Werror\=deprecated-objc-isa-usage -Wno-objc-interface-ivars -Werror\=objc-root-class -Wno-arc-repeated-use-of-weak -Wimplicit-retain-self -Wduplicate-method-match -Wno-missing-braces -Wparentheses -Wswitch -Wunused-function -Wno-unused-label -Wno-unused-parameter -Wunused-variable -Wunused-value -Wempty-body -Wuninitialized -Wconditional-uninitialized -Wno-unknown-pragmas -Wno-shadow -Wno-four-char-constants -Wno-conversion -Wconstant-conversion -Wint-conversion -Wbool-conversion -Wenum-conversion -Wno-float-conversion -Wnon-literal-null-conversion -Wobjc-literal-conversion -Wshorten-64-to-32 -Wpointer-sign -Wno-newline-eof -Wno-selector -Wno-strict-selector-match -Wundeclared-selector -Wdeprecated-implementations -Wno-implicit-fallthrough -fstrict-aliasing -Wprotocol -Wdeprecated-declarations -Wno-sign-conversion -Winfinite-recursion -Wcomma -Wblock-capture-autoreleasing -Wstrict-prototypes -Wno-semicolon-before-method-body -Wunguarded-availability -index-store-path /Users/fazalazim/Library/Developer/Xcode/DerivedData/portal-bakgnsackgonetajcjxmslqbqyuc/Index.noindex/DataStore @/Users/fazalazim/Library/Developer/Xcode/DerivedData/portal-bakgnsackgonetajcjxmslqbqyuc/Build/Intermediates.noindex/Pods.build/Debug-iphonesimulator/StripePayments.build/Objects-normal/arm64/e6072d4f65d7061329687fe24e3d63a7-common-args.resp -include /Users/fazalazim/macbook/Shell_pro/Portal_App/ios/Pods/Target\ Support\ Files/StripePayments/StripePayments-prefix.pch -MMD -MT dependencies -MF /Users/fazalazim/Library/Developer/Xcode/DerivedData/portal-bakgnsackgonetajcjxmslqbqyuc/Build/Intermediates.noindex/Pods.build/Debug-iphonesimulator/StripePayments.build/Objects-normal/arm64/STDSChallengeResponseImageObject.d --serialize-diagnostics /Users/fazalazim/Library/Developer/Xcode/DerivedData/portal-bakgnsackgonetajcjxmslqbqyuc/Build/Intermediates.noindex/Pods.build/Debug-iphonesimulator/StripePayments.build/Objects-normal/arm64/STDSChallengeResponseImageObject.dia -c /Users/fazalazim/macbook/Shell_pro/Portal_App/ios/Pods/StripePayments/Stripe3DS2/Stripe3DS2/STDSChallengeResponseImageObject.m -o /Users/fazalazim/Library/Developer/Xcode/DerivedData/portal-bakgnsackgonetajcjxmslqbqyuc/Build/Intermediates.noindex/Pods.build/Debug-iphonesimulator/StripePayments.build/Objects-normal/arm64/STDSChallengeResponseImageObject.o -index-unit-output-path /Pods.build/Debug-iphonesimulator/StripePayments.build/Objects-normal/arm64/STDSChallengeResponseImageObject.o
error \=non-modular-include-in-framework-module -Wno-trigraphs -Wno-missing-field-initializers -Wno-missing-prototypes -Werror\=return-type -Wdocumentation -Wunreachable-code -Wno-implicit-atomic-properties -Werror\=deprecated-objc-isa-usage -Wno-objc-interface-ivars -Werror\=objc-root-class -Wno-arc-repeated-use-of-weak -Wimplicit-retain-self -Wduplicate-method-match -Wno-missing-braces -Wparentheses -Wswitch -Wunused-function -Wno-unused-label -Wno-unused-parameter -Wunused-variable -Wunused-value -Wempty-body -Wuninitialized -Wconditional-uninitialized -Wno-unknown-pragmas -Wno-shadow -Wno-four-char-constants -Wno-conversion -Wconstant-conversion -Wint-conversion -Wbool-conversion -Wenum-conversion -Wno-float-conversion -Wnon-literal-null-conversion -Wobjc-literal-conversion -Wshorten-64-to-32 -Wpointer-sign -Wno-newline-eof -Wno-selector -Wno-strict-selector-match -Wundeclared-selector -Wdeprecated-implementations -Wno-implicit-fallthrough -fstrict-aliasing -Wprotocol -Wdeprecated-declarations -Wno-sign-conversion -Winfinite-recursion -Wcomma -Wblock-capture-autoreleasing -Wstrict-prototypes -Wno-semicolon-before-method-body -Wunguarded-availability -index-store-path /Users/fazalazim/Library/Developer/Xcode/DerivedData/portal-bakgnsackgonetajcjxmslqbqyuc/Index.noindex/DataStore @/Users/fazalazim/Library/Developer/Xcode/DerivedData/portal-bakgnsackgonetajcjxmslqbqyuc/Build/Intermediates.noindex/Pods.build/Debug-iphonesimulator/StripePayments.build/Objects-normal/arm64/e6072d4f65d7061329687fe24e3d63a7-common-args.resp -include /Users/fazalazim/macbook/Shell_pro/Portal_App/ios/Pods/Target\ Support\ Files/StripePayments/StripePayments-prefix.pch -MMD -MT dependencies -MF /Users/fazalazim/Library/Developer/Xcode/DerivedData/portal-bakgnsackgonetajcjxmslqbqyuc/Build/Intermediates.noindex/Pods.build/Debug-iphonesimulator/StripePayments.build/Objects-normal/arm64/STDSChallengeRequestParameters.d --serialize-diagnostics /Users/fazalazim/Library/Developer/Xcode/DerivedData/portal-bakgnsackgonetajcjxmslqbqyuc/Build/Intermediates.noindex/Pods.build/Debug-iphonesimulator/StripePayments.build/Objects-normal/arm64/STDSChallengeRequestParameters.dia -c /Users/fazalazim/macbook/Shell_pro/Portal_App/ios/Pods/StripePayments/Stripe3DS2/Stripe3DS2/STDSChallengeRequestParameters.m -o /Users/fazalazim/Library/Developer/Xcode/DerivedData/portal-bakgnsackgonetajcjxmslqbqyuc/Build/Intermediates.noindex/Pods.build/Debug-iphonesimulator/StripePayments.build/Objects-normal/arm64/STDSChallengeRequestParameters.o -index-unit-output-path /Pods.build/Debug-iphonesimulator/StripePayments.build/Objects-normal/arm64/STDSChallengeRequestParameters.o
error \=non-modular-include-in-framework-module -Wno-trigraphs -Wno-missing-field-initializers -Wno-missing-prototypes -Werror\=return-type -Wdocumentation -Wunreachable-code -Wno-implicit-atomic-properties -Werror\=deprecated-objc-isa-usage -Wno-objc-interface-ivars -Werror\=objc-root-class -Wno-arc-repeated-use-of-weak -Wimplicit-retain-self -Wduplicate-method-match -Wno-missing-braces -Wparentheses -Wswitch -Wunused-function -Wno-unused-label -Wno-unused-parameter -Wunused-variable -Wunused-value -Wempty-body -Wuninitialized -Wconditional-uninitialized -Wno-unknown-pragmas -Wno-shadow -Wno-four-char-constants -Wno-conversion -Wconstant-conversion -Wint-conversion -Wbool-conversion -Wenum-conversion -Wno-float-conversion -Wnon-literal-null-conversion -Wobjc-literal-conversion -Wshorten-64-to-32 -Wpointer-sign -Wno-newline-eof -Wno-selector -Wno-strict-selector-match -Wundeclared-selector -Wdeprecated-implementations -Wno-implicit-fallthrough -fstrict-aliasing -Wprotocol -Wdeprecated-declarations -Wno-sign-conversion -Winfinite-recursion -Wcomma -Wblock-capture-autoreleasing -Wstrict-prototypes -Wno-semicolon-before-method-body -Wunguarded-availability -index-store-path /Users/fazalazim/Library/Developer/Xcode/DerivedData/portal-bakgnsackgonetajcjxmslqbqyuc/Index.noindex/DataStore @/Users/fazalazim/Library/Developer/Xcode/DerivedData/portal-bakgnsackgonetajcjxmslqbqyuc/Build/Intermediates.noindex/Pods.build/Debug-iphonesimulator/StripePayments.build/Objects-normal/arm64/e6072d4f65d7061329687fe24e3d63a7-common-args.resp -include /Users/fazalazim/macbook/Shell_pro/Portal_App/ios/Pods/Target\ Support\ Files/StripePayments/StripePayments-prefix.pch -MMD -MT dependencies -MF /Users/fazalazim/Library/Developer/Xcode/DerivedData/portal-bakgnsackgonetajcjxmslqbqyuc/Build/Intermediates.noindex/Pods.build/Debug-iphonesimulator/StripePayments.build/Objects-normal/arm64/STDSChallengeParameters.d --serialize-diagnostics /Users/fazalazim/Library/Developer/Xcode/DerivedData/portal-bakgnsackgonetajcjxmslqbqyuc/Build/Intermediates.noindex/Pods.build/Debug-iphonesimulator/StripePayments.build/Objects-normal/arm64/STDSChallengeParameters.dia -c /Users/fazalazim/macbook/Shell_pro/Portal_App/ios/Pods/StripePayments/Stripe3DS2/Stripe3DS2/include/STDSChallengeParameters.m -o /Users/fazalazim/Library/Developer/Xcode/DerivedData/portal-bakgnsackgonetajcjxmslqbqyuc/Build/Intermediates.noindex/Pods.build/Debug-iphonesimulator/StripePayments.build/Objects-normal/arm64/STDSChallengeParameters.o -index-unit-output-path /Pods.build/Debug-iphonesimulator/StripePayments.build/Objects-normal/arm64/STDSChallengeParameters.o
error \=non-modular-include-in-framework-module -Wno-trigraphs -Wno-missing-field-initializers -Wno-missing-prototypes -Werror\=return-type -Wdocumentation -Wunreachable-code -Wno-implicit-atomic-properties -Werror\=deprecated-objc-isa-usage -Wno-objc-interface-ivars -Werror\=objc-root-class -Wno-arc-repeated-use-of-weak -Wimplicit-retain-self -Wduplicate-method-match -Wno-missing-braces -Wparentheses -Wswitch -Wunused-function -Wno-unused-label -Wno-unused-parameter -Wunused-variable -Wunused-value -Wempty-body -Wuninitialized -Wconditional-uninitialized -Wno-unknown-pragmas -Wno-shadow -Wno-four-char-constants -Wno-conversion -Wconstant-conversion -Wint-conversion -Wbool-conversion -Wenum-conversion -Wno-float-conversion -Wnon-literal-null-conversion -Wobjc-literal-conversion -Wshorten-64-to-32 -Wpointer-sign -Wno-newline-eof -Wno-selector -Wno-strict-selector-match -Wundeclared-selector -Wdeprecated-implementations -Wno-implicit-fallthrough -fstrict-aliasing -Wprotocol -Wdeprecated-declarations -Wno-sign-conversion -Winfinite-recursion -Wcomma -Wblock-capture-autoreleasing -Wstrict-prototypes -Wno-semicolon-before-method-body -Wunguarded-availability -index-store-path /Users/fazalazim/Library/Developer/Xcode/DerivedData/portal-bakgnsackgonetajcjxmslqbqyuc/Index.noindex/DataStore @/Users/fazalazim/Library/Developer/Xcode/DerivedData/portal-bakgnsackgonetajcjxmslqbqyuc/Build/Intermediates.noindex/Pods.build/Debug-iphonesimulator/StripePayments.build/Objects-normal/arm64/e6072d4f65d7061329687fe24e3d63a7-common-args.resp -include /Users/fazalazim/macbook/Shell_pro/Portal_App/ios/Pods/Target\ Support\ Files/StripePayments/StripePayments-prefix.pch -MMD -MT dependencies -MF /Users/fazalazim/Library/Developer/Xcode/DerivedData/portal-bakgnsackgonetajcjxmslqbqyuc/Build/Intermediates.noindex/Pods.build/Debug-iphonesimulator/StripePayments.build/Objects-normal/arm64/STDSChallengeInformationView.d --serialize-diagnostics /Users/fazalazim/Library/Developer/Xcode/DerivedData/portal-bakgnsackgonetajcjxmslqbqyuc/Build/Intermediates.noindex/Pods.build/Debug-iphonesimulator/StripePayments.build/Objects-normal/arm64/STDSChallengeInformationView.dia -c /Users/fazalazim/macbook/Shell_pro/Portal_App/ios/Pods/StripePayments/Stripe3DS2/Stripe3DS2/STDSChallengeInformationView.m -o /Users/fazalazim/Library/Developer/Xcode/DerivedData/portal-bakgnsackgonetajcjxmslqbqyuc/Build/Intermediates.noindex/Pods.build/Debug-iphonesimulator/StripePayments.build/Objects-normal/arm64/STDSChallengeInformationView.o -index-unit-output-path /Pods.build/Debug-iphonesimulator/StripePayments.build/Objects-normal/arm64/STDSChallengeInformationView.o
error \=non-modular-include-in-framework-module -Wno-trigraphs -Wno-missing-field-initializers -Wno-missing-prototypes -Werror\=return-type -Wdocumentation -Wunreachable-code -Wno-implicit-atomic-properties -Werror\=deprecated-objc-isa-usage -Wno-objc-interface-ivars -Werror\=objc-root-class -Wno-arc-repeated-use-of-weak -Wimplicit-retain-self -Wduplicate-method-match -Wno-missing-braces -Wparentheses -Wswitch -Wunused-function -Wno-unused-label -Wno-unused-parameter -Wunused-variable -Wunused-value -Wempty-body -Wuninitialized -Wconditional-uninitialized -Wno-unknown-pragmas -Wno-shadow -Wno-four-char-constants -Wno-conversion -Wconstant-conversion -Wint-conversion -Wbool-conversion -Wenum-conversion -Wno-float-conversion -Wnon-literal-null-conversion -Wobjc-literal-conversion -Wshorten-64-to-32 -Wpointer-sign -Wno-newline-eof -Wno-selector -Wno-strict-selector-match -Wundeclared-selector -Wdeprecated-implementations -Wno-implicit-fallthrough -fstrict-aliasing -Wprotocol -Wdeprecated-declarations -Wno-sign-conversion -Winfinite-recursion -Wcomma -Wblock-capture-autoreleasing -Wstrict-prototypes -Wno-semicolon-before-method-body -Wunguarded-availability -index-store-path /Users/fazalazim/Library/Developer/Xcode/DerivedData/portal-bakgnsackgonetajcjxmslqbqyuc/Index.noindex/DataStore @/Users/fazalazim/Library/Developer/Xcode/DerivedData/portal-bakgnsackgonetajcjxmslqbqyuc/Build/Intermediates.noindex/Pods.build/Debug-iphonesimulator/StripePayments.build/Objects-normal/arm64/e6072d4f65d7061329687fe24e3d63a7-common-args.resp -include /Users/fazalazim/macbook/Shell_pro/Portal_App/ios/Pods/Target\ Support\ Files/StripePayments/StripePayments-prefix.pch -MMD -MT dependencies -MF /Users/fazalazim/Library/Developer/Xcode/DerivedData/portal-bakgnsackgonetajcjxmslqbqyuc/Build/Intermediates.noindex/Pods.build/Debug-iphonesimulator/StripePayments.build/Objects-normal/arm64/STDSButtonCustomization.d --serialize-diagnostics /Users/fazalazim/Library/Developer/Xcode/DerivedData/portal-bakgnsackgonetajcjxmslqbqyuc/Build/Intermediates.noindex/Pods.build/Debug-iphonesimulator/StripePayments.build/Objects-normal/arm64/STDSButtonCustomization.dia -c /Users/fazalazim/macbook/Shell_pro/Portal_App/ios/Pods/StripePayments/Stripe3DS2/Stripe3DS2/include/STDSButtonCustomization.m -o /Users/fazalazim/Library/Developer/Xcode/DerivedData/portal-bakgnsackgonetajcjxmslqbqyuc/Build/Intermediates.noindex/Pods.build/Debug-iphonesimulator/StripePayments.build/Objects-normal/arm64/STDSButtonCustomization.o -index-unit-output-path /Pods.build/Debug-iphonesimulator/StripePayments.build/Objects-normal/arm64/STDSButtonCustomization.o
error \=non-modular-include-in-framework-module -Wno-trigraphs -Wno-missing-field-initializers -Wno-missing-prototypes -Werror\=return-type -Wdocumentation -Wunreachable-code -Wno-implicit-atomic-properties -Werror\=deprecated-objc-isa-usage -Wno-objc-interface-ivars -Werror\=objc-root-class -Wno-arc-repeated-use-of-weak -Wimplicit-retain-self -Wduplicate-method-match -Wno-missing-braces -Wparentheses -Wswitch -Wunused-function -Wno-unused-label -Wno-unused-parameter -Wunused-variable -Wunused-value -Wempty-body -Wuninitialized -Wconditional-uninitialized -Wno-unknown-pragmas -Wno-shadow -Wno-four-char-constants -Wno-conversion -Wconstant-conversion -Wint-conversion -Wbool-conversion -Wenum-conversion -Wno-float-conversion -Wnon-literal-null-conversion -Wobjc-literal-conversion -Wshorten-64-to-32 -Wpointer-sign -Wno-newline-eof -Wno-selector -Wno-strict-selector-match -Wundeclared-selector -Wdeprecated-implementations -Wno-implicit-fallthrough -fstrict-aliasing -Wprotocol -Wdeprecated-declarations -Wno-sign-conversion -Winfinite-recursion -Wcomma -Wblock-capture-autoreleasing -Wstrict-prototypes -Wno-semicolon-before-method-body -Wunguarded-availability -index-store-path /Users/fazalazim/Library/Developer/Xcode/DerivedData/portal-bakgnsackgonetajcjxmslqbqyuc/Index.noindex/DataStore @/Users/fazalazim/Library/Developer/Xcode/DerivedData/portal-bakgnsackgonetajcjxmslqbqyuc/Build/Intermediates.noindex/Pods.build/Debug-iphonesimulator/StripePayments.build/Objects-normal/arm64/e6072d4f65d7061329687fe24e3d63a7-common-args.resp -include /Users/fazalazim/macbook/Shell_pro/Portal_App/ios/Pods/Target\ Support\ Files/StripePayments/StripePayments-prefix.pch -MMD -MT dependencies -MF /Users/fazalazim/Library/Developer/Xcode/DerivedData/portal-bakgnsackgonetajcjxmslqbqyuc/Build/Intermediates.noindex/Pods.build/Debug-iphonesimulator/StripePayments.build/Objects-normal/arm64/STDSBundleLocator.d --serialize-diagnostics /Users/fazalazim/Library/Developer/Xcode/DerivedData/portal-bakgnsackgonetajcjxmslqbqyuc/Build/Intermediates.noindex/Pods.build/Debug-iphonesimulator/StripePayments.build/Objects-normal/arm64/STDSBundleLocator.dia -c /Users/fazalazim/macbook/Shell_pro/Portal_App/ios/Pods/StripePayments/Stripe3DS2/Stripe3DS2/STDSBundleLocator.m -o /Users/fazalazim/Library/Developer/Xcode/DerivedData/portal-bakgnsackgonetajcjxmslqbqyuc/Build/Intermediates.noindex/Pods.build/Debug-iphonesimulator/StripePayments.build/Objects-normal/arm64/STDSBundleLocator.o -index-unit-output-path /Pods.build/Debug-iphonesimulator/StripePayments.build/Objects-normal/arm64/STDSBundleLocator.o
error \=non-modular-include-in-framework-module -Wno-trigraphs -Wno-missing-field-initializers -Wno-missing-prototypes -Werror\=return-type -Wdocumentation -Wunreachable-code -Wno-implicit-atomic-properties -Werror\=deprecated-objc-isa-usage -Wno-objc-interface-ivars -Werror\=objc-root-class -Wno-arc-repeated-use-of-weak -Wimplicit-retain-self -Wduplicate-method-match -Wno-missing-braces -Wparentheses -Wswitch -Wunused-function -Wno-unused-label -Wno-unused-parameter -Wunused-variable -Wunused-value -Wempty-body -Wuninitialized -Wconditional-uninitialized -Wno-unknown-pragmas -Wno-shadow -Wno-four-char-constants -Wno-conversion -Wconstant-conversion -Wint-conversion -Wbool-conversion -Wenum-conversion -Wno-float-conversion -Wnon-literal-null-conversion -Wobjc-literal-conversion -Wshorten-64-to-32 -Wpointer-sign -Wno-newline-eof -Wno-selector -Wno-strict-selector-match -Wundeclared-selector -Wdeprecated-implementations -Wno-implicit-fallthrough -fstrict-aliasing -Wprotocol -Wdeprecated-declarations -Wno-sign-conversion -Winfinite-recursion -Wcomma -Wblock-capture-autoreleasing -Wstrict-prototypes -Wno-semicolon-before-method-body -Wunguarded-availability -index-store-path /Users/fazalazim/Library/Developer/Xcode/DerivedData/portal-bakgnsackgonetajcjxmslqbqyuc/Index.noindex/DataStore @/Users/fazalazim/Library/Developer/Xcode/DerivedData/portal-bakgnsackgonetajcjxmslqbqyuc/Build/Intermediates.noindex/Pods.build/Debug-iphonesimulator/StripePayments.build/Objects-normal/arm64/e6072d4f65d7061329687fe24e3d63a7-common-args.resp -include /Users/fazalazim/macbook/Shell_pro/Portal_App/ios/Pods/Target\ Support\ Files/StripePayments/StripePayments-prefix.pch -MMD -MT dependencies -MF /Users/fazalazim/Library/Developer/Xcode/DerivedData/portal-bakgnsackgonetajcjxmslqbqyuc/Build/Intermediates.noindex/Pods.build/Debug-iphonesimulator/StripePayments.build/Objects-normal/arm64/STDSBrandingView.d --serialize-diagnostics /Users/fazalazim/Library/Developer/Xcode/DerivedData/portal-bakgnsackgonetajcjxmslqbqyuc/Build/Intermediates.noindex/Pods.build/Debug-iphonesimulator/StripePayments.build/Objects-normal/arm64/STDSBrandingView.dia -c /Users/fazalazim/macbook/Shell_pro/Portal_App/ios/Pods/StripePayments/Stripe3DS2/Stripe3DS2/STDSBrandingView.m -o /Users/fazalazim/Library/Developer/Xcode/DerivedData/portal-bakgnsackgonetajcjxmslqbqyuc/Build/Intermediates.noindex/Pods.build/Debug-iphonesimulator/StripePayments.build/Objects-normal/arm64/STDSBrandingView.o -index-unit-output-path /Pods.build/Debug-iphonesimulator/StripePayments.build/Objects-normal/arm64/STDSBrandingView.o
error \=non-modular-include-in-framework-module -Wno-trigraphs -Wno-missing-field-initializers -Wno-missing-prototypes -Werror\=return-type -Wdocumentation -Wunreachable-code -Wno-implicit-atomic-properties -Werror\=deprecated-objc-isa-usage -Wno-objc-interface-ivars -Werror\=objc-root-class -Wno-arc-repeated-use-of-weak -Wimplicit-retain-self -Wduplicate-method-match -Wno-missing-braces -Wparentheses -Wswitch -Wunused-function -Wno-unused-label -Wno-unused-parameter -Wunused-variable -Wunused-value -Wempty-body -Wuninitialized -Wconditional-uninitialized -Wno-unknown-pragmas -Wno-shadow -Wno-four-char-constants -Wno-conversion -Wconstant-conversion -Wint-conversion -Wbool-conversion -Wenum-conversion -Wno-float-conversion -Wnon-literal-null-conversion -Wobjc-literal-conversion -Wshorten-64-to-32 -Wpointer-sign -Wno-newline-eof -Wno-selector -Wno-strict-selector-match -Wundeclared-selector -Wdeprecated-implementations -Wno-implicit-fallthrough -fstrict-aliasing -Wprotocol -Wdeprecated-declarations -Wno-sign-conversion -Winfinite-recursion -Wcomma -Wblock-capture-autoreleasing -Wstrict-prototypes -Wno-semicolon-before-method-body -Wunguarded-availability -index-store-path /Users/fazalazim/Library/Developer/Xcode/DerivedData/portal-bakgnsackgonetajcjxmslqbqyuc/Index.noindex/DataStore @/Users/fazalazim/Library/Developer/Xcode/DerivedData/portal-bakgnsackgonetajcjxmslqbqyuc/Build/Intermediates.noindex/Pods.build/Debug-iphonesimulator/StripePayments.build/Objects-normal/arm64/e6072d4f65d7061329687fe24e3d63a7-common-args.resp -include /Users/fazalazim/macbook/Shell_pro/Portal_App/ios/Pods/Target\ Support\ Files/StripePayments/StripePayments-prefix.pch -MMD -MT dependencies -MF /Users/fazalazim/Library/Developer/Xcode/DerivedData/portal-bakgnsackgonetajcjxmslqbqyuc/Build/Intermediates.noindex/Pods.build/Debug-iphonesimulator/StripePayments.build/Objects-normal/arm64/STDSAuthenticationResponseObject.d --serialize-diagnostics /Users/fazalazim/Library/Developer/Xcode/DerivedData/portal-bakgnsackgonetajcjxmslqbqyuc/Build/Intermediates.noindex/Pods.build/Debug-iphonesimulator/StripePayments.build/Objects-normal/arm64/STDSAuthenticationResponseObject.dia -c /Users/fazalazim/macbook/Shell_pro/Portal_App/ios/Pods/StripePayments/Stripe3DS2/Stripe3DS2/STDSAuthenticationResponseObject.m -o /Users/fazalazim/Library/Developer/Xcode/DerivedData/portal-bakgnsackgonetajcjxmslqbqyuc/Build/Intermediates.noindex/Pods.build/Debug-iphonesimulator/StripePayments.build/Objects-normal/arm64/STDSAuthenticationResponseObject.o -index-unit-output-path /Pods.build/Debug-iphonesimulator/StripePayments.build/Objects-normal/arm64/STDSAuthenticationResponseObject.o
error \=non-modular-include-in-framework-module -Wno-trigraphs -Wno-missing-field-initializers -Wno-missing-prototypes -Werror\=return-type -Wdocumentation -Wunreachable-code -Wno-implicit-atomic-properties -Werror\=deprecated-objc-isa-usage -Wno-objc-interface-ivars -Werror\=objc-root-class -Wno-arc-repeated-use-of-weak -Wimplicit-retain-self -Wduplicate-method-match -Wno-missing-braces -Wparentheses -Wswitch -Wunused-function -Wno-unused-label -Wno-unused-parameter -Wunused-variable -Wunused-value -Wempty-body -Wuninitialized -Wconditional-uninitialized -Wno-unknown-pragmas -Wno-shadow -Wno-four-char-constants -Wno-conversion -Wconstant-conversion -Wint-conversion -Wbool-conversion -Wenum-conversion -Wno-float-conversion -Wnon-literal-null-conversion -Wobjc-literal-conversion -Wshorten-64-to-32 -Wpointer-sign -Wno-newline-eof -Wno-selector -Wno-strict-selector-match -Wundeclared-selector -Wdeprecated-implementations -Wno-implicit-fallthrough -fstrict-aliasing -Wprotocol -Wdeprecated-declarations -Wno-sign-conversion -Winfinite-recursion -Wcomma -Wblock-capture-autoreleasing -Wstrict-prototypes -Wno-semicolon-before-method-body -Wunguarded-availability -index-store-path /Users/fazalazim/Library/Developer/Xcode/DerivedData/portal-bakgnsackgonetajcjxmslqbqyuc/Index.noindex/DataStore @/Users/fazalazim/Library/Developer/Xcode/DerivedData/portal-bakgnsackgonetajcjxmslqbqyuc/Build/Intermediates.noindex/Pods.build/Debug-iphonesimulator/StripePayments.build/Objects-normal/arm64/e6072d4f65d7061329687fe24e3d63a7-common-args.resp -include /Users/fazalazim/macbook/Shell_pro/Portal_App/ios/Pods/Target\ Support\ Files/StripePayments/StripePayments-prefix.pch -MMD -MT dependencies -MF /Users/fazalazim/Library/Developer/Xcode/DerivedData/portal-bakgnsackgonetajcjxmslqbqyuc/Build/Intermediates.noindex/Pods.build/Debug-iphonesimulator/StripePayments.build/Objects-normal/arm64/STDSAuthenticationRequestParameters.d --serialize-diagnostics /Users/fazalazim/Library/Developer/Xcode/DerivedData/portal-bakgnsackgonetajcjxmslqbqyuc/Build/Intermediates.noindex/Pods.build/Debug-iphonesimulator/StripePayments.build/Objects-normal/arm64/STDSAuthenticationRequestParameters.dia -c /Users/fazalazim/macbook/Shell_pro/Portal_App/ios/Pods/StripePayments/Stripe3DS2/Stripe3DS2/include/STDSAuthenticationRequestParameters.m -o /Users/fazalazim/Library/Developer/Xcode/DerivedData/portal-bakgnsackgonetajcjxmslqbqyuc/Build/Intermediates.noindex/Pods.build/Debug-iphonesimulator/StripePayments.build/Objects-normal/arm64/STDSAuthenticationRequestParameters.o -index-unit-output-path /Pods.build/Debug-iphonesimulator/StripePayments.build/Objects-normal/arm64/STDSAuthenticationRequestParameters.o
error \=non-modular-include-in-framework-module -Wno-trigraphs -Wno-missing-field-initializers -Wno-missing-prototypes -Werror\=return-type -Wdocumentation -Wunreachable-code -Wno-implicit-atomic-properties -Werror\=deprecated-objc-isa-usage -Wno-objc-interface-ivars -Werror\=objc-root-class -Wno-arc-repeated-use-of-weak -Wimplicit-retain-self -Wduplicate-method-match -Wno-missing-braces -Wparentheses -Wswitch -Wunused-function -Wno-unused-label -Wno-unused-parameter -Wunused-variable -Wunused-value -Wempty-body -Wuninitialized -Wconditional-uninitialized -Wno-unknown-pragmas -Wno-shadow -Wno-four-char-constants -Wno-conversion -Wconstant-conversion -Wint-conversion -Wbool-conversion -Wenum-conversion -Wno-float-conversion -Wnon-literal-null-conversion -Wobjc-literal-conversion -Wshorten-64-to-32 -Wpointer-sign -Wno-newline-eof -Wno-selector -Wno-strict-selector-match -Wundeclared-selector -Wdeprecated-implementations -Wno-implicit-fallthrough -fstrict-aliasing -Wprotocol -Wdeprecated-declarations -Wno-sign-conversion -Winfinite-recursion -Wcomma -Wblock-capture-autoreleasing -Wstrict-prototypes -Wno-semicolon-before-method-body -Wunguarded-availability -index-store-path /Users/fazalazim/Library/Developer/Xcode/DerivedData/portal-bakgnsackgonetajcjxmslqbqyuc/Index.noindex/DataStore @/Users/fazalazim/Library/Developer/Xcode/DerivedData/portal-bakgnsackgonetajcjxmslqbqyuc/Build/Intermediates.noindex/Pods.build/Debug-iphonesimulator/StripePayments.build/Objects-normal/arm64/e6072d4f65d7061329687fe24e3d63a7-common-args.resp -include /Users/fazalazim/macbook/Shell_pro/Portal_App/ios/Pods/Target\ Support\ Files/StripePayments/StripePayments-prefix.pch -MMD -MT dependencies -MF /Users/fazalazim/Library/Developer/Xcode/DerivedData/portal-bakgnsackgonetajcjxmslqbqyuc/Build/Intermediates.noindex/Pods.build/Debug-iphonesimulator/StripePayments.build/Objects-normal/arm64/STDSAlreadyInitializedException.d --serialize-diagnostics /Users/fazalazim/Library/Developer/Xcode/DerivedData/portal-bakgnsackgonetajcjxmslqbqyuc/Build/Intermediates.noindex/Pods.build/Debug-iphonesimulator/StripePayments.build/Objects-normal/arm64/STDSAlreadyInitializedException.dia -c /Users/fazalazim/macbook/Shell_pro/Portal_App/ios/Pods/StripePayments/Stripe3DS2/Stripe3DS2/include/STDSAlreadyInitializedException.m -o /Users/fazalazim/Library/Developer/Xcode/DerivedData/portal-bakgnsackgonetajcjxmslqbqyuc/Build/Intermediates.noindex/Pods.build/Debug-iphonesimulator/StripePayments.build/Objects-normal/arm64/STDSAlreadyInitializedException.o -index-unit-output-path /Pods.build/Debug-iphonesimulator/StripePayments.build/Objects-normal/arm64/STDSAlreadyInitializedException.o
error \=non-modular-include-in-framework-module -Wno-trigraphs -Wno-missing-field-initializers -Wno-missing-prototypes -Werror\=return-type -Wdocumentation -Wunreachable-code -Wno-implicit-atomic-properties -Werror\=deprecated-objc-isa-usage -Wno-objc-interface-ivars -Werror\=objc-root-class -Wno-arc-repeated-use-of-weak -Wimplicit-retain-self -Wduplicate-method-match -Wno-missing-braces -Wparentheses -Wswitch -Wunused-function -Wno-unused-label -Wno-unused-parameter -Wunused-variable -Wunused-value -Wempty-body -Wuninitialized -Wconditional-uninitialized -Wno-unknown-pragmas -Wno-shadow -Wno-four-char-constants -Wno-conversion -Wconstant-conversion -Wint-conversion -Wbool-conversion -Wenum-conversion -Wno-float-conversion -Wnon-literal-null-conversion -Wobjc-literal-conversion -Wshorten-64-to-32 -Wpointer-sign -Wno-newline-eof -Wno-selector -Wno-strict-selector-match -Wundeclared-selector -Wdeprecated-implementations -Wno-implicit-fallthrough -fstrict-aliasing -Wprotocol -Wdeprecated-declarations -Wno-sign-conversion -Winfinite-recursion -Wcomma -Wblock-capture-autoreleasing -Wstrict-prototypes -Wno-semicolon-before-method-body -Wunguarded-availability -index-store-path /Users/fazalazim/Library/Developer/Xcode/DerivedData/portal-bakgnsackgonetajcjxmslqbqyuc/Index.noindex/DataStore @/Users/fazalazim/Library/Developer/Xcode/DerivedData/portal-bakgnsackgonetajcjxmslqbqyuc/Build/Intermediates.noindex/Pods.build/Debug-iphonesimulator/StripePayments.build/Objects-normal/arm64/e6072d4f65d7061329687fe24e3d63a7-common-args.resp -include /Users/fazalazim/macbook/Shell_pro/Portal_App/ios/Pods/Target\ Support\ Files/StripePayments/StripePayments-prefix.pch -MMD -MT dependencies -MF /Users/fazalazim/Library/Developer/Xcode/DerivedData/portal-bakgnsackgonetajcjxmslqbqyuc/Build/Intermediates.noindex/Pods.build/Debug-iphonesimulator/StripePayments.build/Objects-normal/arm64/STDSACSNetworkingManager.d --serialize-diagnostics /Users/fazalazim/Library/Developer/Xcode/DerivedData/portal-bakgnsackgonetajcjxmslqbqyuc/Build/Intermediates.noindex/Pods.build/Debug-iphonesimulator/StripePayments.build/Objects-normal/arm64/STDSACSNetworkingManager.dia -c /Users/fazalazim/macbook/Shell_pro/Portal_App/ios/Pods/StripePayments/Stripe3DS2/Stripe3DS2/STDSACSNetworkingManager.m -o /Users/fazalazim/Library/Developer/Xcode/DerivedData/portal-bakgnsackgonetajcjxmslqbqyuc/Build/Intermediates.noindex/Pods.build/Debug-iphonesimulator/StripePayments.build/Objects-normal/arm64/STDSACSNetworkingManager.o -index-unit-output-path /Pods.build/Debug-iphonesimulator/StripePayments.build/Objects-normal/arm64/STDSACSNetworkingManager.o
error \=non-modular-include-in-framework-module -Wno-trigraphs -Wno-missing-field-initializers -Wno-missing-prototypes -Werror\=return-type -Wdocumentation -Wunreachable-code -Wno-implicit-atomic-properties -Werror\=deprecated-objc-isa-usage -Wno-objc-interface-ivars -Werror\=objc-root-class -Wno-arc-repeated-use-of-weak -Wimplicit-retain-self -Wduplicate-method-match -Wno-missing-braces -Wparentheses -Wswitch -Wunused-function -Wno-unused-label -Wno-unused-parameter -Wunused-variable -Wunused-value -Wempty-body -Wuninitialized -Wconditional-uninitialized -Wno-unknown-pragmas -Wno-shadow -Wno-four-char-constants -Wno-conversion -Wconstant-conversion -Wint-conversion -Wbool-conversion -Wenum-conversion -Wno-float-conversion -Wnon-literal-null-conversion -Wobjc-literal-conversion -Wshorten-64-to-32 -Wpointer-sign -Wno-newline-eof -Wno-selector -Wno-strict-selector-match -Wundeclared-selector -Wdeprecated-implementations -Wno-implicit-fallthrough -fstrict-aliasing -Wprotocol -Wdeprecated-declarations -Wno-sign-conversion -Winfinite-recursion -Wcomma -Wblock-capture-autoreleasing -Wstrict-prototypes -Wno-semicolon-before-method-body -Wunguarded-availability -index-store-path /Users/fazalazim/Library/Developer/Xcode/DerivedData/portal-bakgnsackgonetajcjxmslqbqyuc/Index.noindex/DataStore @/Users/fazalazim/Library/Developer/Xcode/DerivedData/portal-bakgnsackgonetajcjxmslqbqyuc/Build/Intermediates.noindex/Pods.build/Debug-iphonesimulator/StripePayments.build/Objects-normal/arm64/e6072d4f65d7061329687fe24e3d63a7-common-args.resp -include /Users/fazalazim/macbook/Shell_pro/Portal_App/ios/Pods/Target\ Support\ Files/StripePayments/StripePayments-prefix.pch -MMD -MT dependencies -MF /Users/fazalazim/Library/Developer/Xcode/DerivedData/portal-bakgnsackgonetajcjxmslqbqyuc/Build/Intermediates.noindex/Pods.build/Debug-iphonesimulator/StripePayments.build/Objects-normal/arm64/NSString+JWEHelpers.d --serialize-diagnostics /Users/fazalazim/Library/Developer/Xcode/DerivedData/portal-bakgnsackgonetajcjxmslqbqyuc/Build/Intermediates.noindex/Pods.build/Debug-iphonesimulator/StripePayments.build/Objects-normal/arm64/NSString+JWEHelpers.dia -c /Users/fazalazim/macbook/Shell_pro/Portal_App/ios/Pods/StripePayments/Stripe3DS2/Stripe3DS2/NSString+JWEHelpers.m -o /Users/fazalazim/Library/Developer/Xcode/DerivedData/portal-bakgnsackgonetajcjxmslqbqyuc/Build/Intermediates.noindex/Pods.build/Debug-iphonesimulator/StripePayments.build/Objects-normal/arm64/NSString+JWEHelpers.o -index-unit-output-path /Pods.build/Debug-iphonesimulator/StripePayments.build/Objects-normal/arm64/NSString+JWEHelpers.o
error \=non-modular-include-in-framework-module -Wno-trigraphs -Wno-missing-field-initializers -Wno-missing-prototypes -Werror\=return-type -Wdocumentation -Wunreachable-code -Wno-implicit-atomic-properties -Werror\=deprecated-objc-isa-usage -Wno-objc-interface-ivars -Werror\=objc-root-class -Wno-arc-repeated-use-of-weak -Wimplicit-retain-self -Wduplicate-method-match -Wno-missing-braces -Wparentheses -Wswitch -Wunused-function -Wno-unused-label -Wno-unused-parameter -Wunused-variable -Wunused-value -Wempty-body -Wuninitialized -Wconditional-uninitialized -Wno-unknown-pragmas -Wno-shadow -Wno-four-char-constants -Wno-conversion -Wconstant-conversion -Wint-conversion -Wbool-conversion -Wenum-conversion -Wno-float-conversion -Wnon-literal-null-conversion -Wobjc-literal-conversion -Wshorten-64-to-32 -Wpointer-sign -Wno-newline-eof -Wno-selector -Wno-strict-selector-match -Wundeclared-selector -Wdeprecated-implementations -Wno-implicit-fallthrough -fstrict-aliasing -Wprotocol -Wdeprecated-declarations -Wno-sign-conversion -Winfinite-recursion -Wcomma -Wblock-capture-autoreleasing -Wstrict-prototypes -Wno-semicolon-before-method-body -Wunguarded-availability -index-store-path /Users/fazalazim/Library/Developer/Xcode/DerivedData/portal-bakgnsackgonetajcjxmslqbqyuc/Index.noindex/DataStore @/Users/fazalazim/Library/Developer/Xcode/DerivedData/portal-bakgnsackgonetajcjxmslqbqyuc/Build/Intermediates.noindex/Pods.build/Debug-iphonesimulator/StripePayments.build/Objects-normal/arm64/e6072d4f65d7061329687fe24e3d63a7-common-args.resp -include /Users/fazalazim/macbook/Shell_pro/Portal_App/ios/Pods/Target\ Support\ Files/StripePayments/StripePayments-prefix.pch -MMD -MT dependencies -MF /Users/fazalazim/Library/Developer/Xcode/DerivedData/portal-bakgnsackgonetajcjxmslqbqyuc/Build/Intermediates.noindex/Pods.build/Debug-iphonesimulator/StripePayments.build/Objects-normal/arm64/NSString+EmptyChecking.d --serialize-diagnostics /Users/fazalazim/Library/Developer/Xcode/DerivedData/portal-bakgnsackgonetajcjxmslqbqyuc/Build/Intermediates.noindex/Pods.build/Debug-iphonesimulator/StripePayments.build/Objects-normal/arm64/NSString+EmptyChecking.dia -c /Users/fazalazim/macbook/Shell_pro/Portal_App/ios/Pods/StripePayments/Stripe3DS2/Stripe3DS2/NSString+EmptyChecking.m -o /Users/fazalazim/Library/Developer/Xcode/DerivedData/portal-bakgnsackgonetajcjxmslqbqyuc/Build/Intermediates.noindex/Pods.build/Debug-iphonesimulator/StripePayments.build/Objects-normal/arm64/NSString+EmptyChecking.o -index-unit-output-path /Pods.build/Debug-iphonesimulator/StripePayments.build/Objects-normal/arm64/NSString+EmptyChecking.o
error \=non-modular-include-in-framework-module -Wno-trigraphs -Wno-missing-field-initializers -Wno-missing-prototypes -Werror\=return-type -Wdocumentation -Wunreachable-code -Wno-implicit-atomic-properties -Werror\=deprecated-objc-isa-usage -Wno-objc-interface-ivars -Werror\=objc-root-class -Wno-arc-repeated-use-of-weak -Wimplicit-retain-self -Wduplicate-method-match -Wno-missing-braces -Wparentheses -Wswitch -Wunused-function -Wno-unused-label -Wno-unused-parameter -Wunused-variable -Wunused-value -Wempty-body -Wuninitialized -Wconditional-uninitialized -Wno-unknown-pragmas -Wno-shadow -Wno-four-char-constants -Wno-conversion -Wconstant-conversion -Wint-conversion -Wbool-conversion -Wenum-conversion -Wno-float-conversion -Wnon-literal-null-conversion -Wobjc-literal-conversion -Wshorten-64-to-32 -Wpointer-sign -Wno-newline-eof -Wno-selector -Wno-strict-selector-match -Wundeclared-selector -Wdeprecated-implementations -Wno-implicit-fallthrough -fstrict-aliasing -Wprotocol -Wdeprecated-declarations -Wno-sign-conversion -Winfinite-recursion -Wcomma -Wblock-capture-autoreleasing -Wstrict-prototypes -Wno-semicolon-before-method-body -Wunguarded-availability -index-store-path /Users/fazalazim/Library/Developer/Xcode/DerivedData/portal-bakgnsackgonetajcjxmslqbqyuc/Index.noindex/DataStore @/Users/fazalazim/Library/Developer/Xcode/DerivedData/portal-bakgnsackgonetajcjxmslqbqyuc/Build/Intermediates.noindex/Pods.build/Debug-iphonesimulator/StripePayments.build/Objects-normal/arm64/e6072d4f65d7061329687fe24e3d63a7-common-args.resp -include /Users/fazalazim/macbook/Shell_pro/Portal_App/ios/Pods/Target\ Support\ Files/StripePayments/StripePayments-prefix.pch -MMD -MT dependencies -MF /Users/fazalazim/Library/Developer/Xcode/DerivedData/portal-bakgnsackgonetajcjxmslqbqyuc/Build/Intermediates.noindex/Pods.build/Debug-iphonesimulator/StripePayments.build/Objects-normal/arm64/NSLayoutConstraint+LayoutSupport.d --serialize-diagnostics /Users/fazalazim/Library/Developer/Xcode/DerivedData/portal-bakgnsackgonetajcjxmslqbqyuc/Build/Intermediates.noindex/Pods.build/Debug-iphonesimulator/StripePayments.build/Objects-normal/arm64/NSLayoutConstraint+LayoutSupport.dia -c /Users/fazalazim/macbook/Shell_pro/Portal_App/ios/Pods/StripePayments/Stripe3DS2/Stripe3DS2/NSLayoutConstraint+LayoutSupport.m -o /Users/fazalazim/Library/Developer/Xcode/DerivedData/portal-bakgnsackgonetajcjxmslqbqyuc/Build/Intermediates.noindex/Pods.build/Debug-iphonesimulator/StripePayments.build/Objects-normal/arm64/NSLayoutConstraint+LayoutSupport.o -index-unit-output-path /Pods.build/Debug-iphonesimulator/StripePayments.build/Objects-normal/arm64/NSLayoutConstraint+LayoutSupport.o
error +Stripe3DS2.o /Users/fazalazim/macbook/Shell_pro/Portal_App/ios/Pods/StripePayments/Stripe3DS2/Stripe3DS2/NSError+Stripe3DS2.m normal arm64 objective-c com.apple.compilers.llvm.clang.1_0.compiler (in target 'StripePayments' from project 'Pods')
error \=non-modular-include-in-framework-module -Wno-trigraphs -Wno-missing-field-initializers -Wno-missing-prototypes -Werror\=return-type -Wdocumentation -Wunreachable-code -Wno-implicit-atomic-properties -Werror\=deprecated-objc-isa-usage -Wno-objc-interface-ivars -Werror\=objc-root-class -Wno-arc-repeated-use-of-weak -Wimplicit-retain-self -Wduplicate-method-match -Wno-missing-braces -Wparentheses -Wswitch -Wunused-function -Wno-unused-label -Wno-unused-parameter -Wunused-variable -Wunused-value -Wempty-body -Wuninitialized -Wconditional-uninitialized -Wno-unknown-pragmas -Wno-shadow -Wno-four-char-constants -Wno-conversion -Wconstant-conversion -Wint-conversion -Wbool-conversion -Wenum-conversion -Wno-float-conversion -Wnon-literal-null-conversion -Wobjc-literal-conversion -Wshorten-64-to-32 -Wpointer-sign -Wno-newline-eof -Wno-selector -Wno-strict-selector-match -Wundeclared-selector -Wdeprecated-implementations -Wno-implicit-fallthrough -fstrict-aliasing -Wprotocol -Wdeprecated-declarations -Wno-sign-conversion -Winfinite-recursion -Wcomma -Wblock-capture-autoreleasing -Wstrict-prototypes -Wno-semicolon-before-method-body -Wunguarded-availability -index-store-path /Users/fazalazim/Library/Developer/Xcode/DerivedData/portal-bakgnsackgonetajcjxmslqbqyuc/Index.noindex/DataStore @/Users/fazalazim/Library/Developer/Xcode/DerivedData/portal-bakgnsackgonetajcjxmslqbqyuc/Build/Intermediates.noindex/Pods.build/Debug-iphonesimulator/StripePayments.build/Objects-normal/arm64/e6072d4f65d7061329687fe24e3d63a7-common-args.resp -include /Users/fazalazim/macbook/Shell_pro/Portal_App/ios/Pods/Target\ Support\ Files/StripePayments/StripePayments-prefix.pch -MMD -MT dependencies -MF /Users/fazalazim/Library/Developer/Xcode/DerivedData/portal-bakgnsackgonetajcjxmslqbqyuc/Build/Intermediates.noindex/Pods.build/Debug-iphonesimulator/StripePayments.build/Objects-normal/arm64/NSError+Stripe3DS2.d --serialize-diagnostics /Users/fazalazim/Library/Developer/Xcode/DerivedData/portal-bakgnsackgonetajcjxmslqbqyuc/Build/Intermediates.noindex/Pods.build/Debug-iphonesimulator/StripePayments.build/Objects-normal/arm64/NSError+Stripe3DS2.dia -c /Users/fazalazim/macbook/Shell_pro/Portal_App/ios/Pods/StripePayments/Stripe3DS2/Stripe3DS2/NSError+Stripe3DS2.m -o /Users/fazalazim/Library/Developer/Xcode/DerivedData/portal-bakgnsackgonetajcjxmslqbqyuc/Build/Intermediates.noindex/Pods.build/Debug-iphonesimulator/StripePayments.build/Objects-normal/arm64/NSError+Stripe3DS2.o -index-unit-output-path /Pods.build/Debug-iphonesimulator/StripePayments.build/Objects-normal/arm64/NSError+Stripe3DS2.o
error \=non-modular-include-in-framework-module -Wno-trigraphs -Wno-missing-field-initializers -Wno-missing-prototypes -Werror\=return-type -Wdocumentation -Wunreachable-code -Wno-implicit-atomic-properties -Werror\=deprecated-objc-isa-usage -Wno-objc-interface-ivars -Werror\=objc-root-class -Wno-arc-repeated-use-of-weak -Wimplicit-retain-self -Wduplicate-method-match -Wno-missing-braces -Wparentheses -Wswitch -Wunused-function -Wno-unused-label -Wno-unused-parameter -Wunused-variable -Wunused-value -Wempty-body -Wuninitialized -Wconditional-uninitialized -Wno-unknown-pragmas -Wno-shadow -Wno-four-char-constants -Wno-conversion -Wconstant-conversion -Wint-conversion -Wbool-conversion -Wenum-conversion -Wno-float-conversion -Wnon-literal-null-conversion -Wobjc-literal-conversion -Wshorten-64-to-32 -Wpointer-sign -Wno-newline-eof -Wno-selector -Wno-strict-selector-match -Wundeclared-selector -Wdeprecated-implementations -Wno-implicit-fallthrough -fstrict-aliasing -Wprotocol -Wdeprecated-declarations -Wno-sign-conversion -Winfinite-recursion -Wcomma -Wblock-capture-autoreleasing -Wstrict-prototypes -Wno-semicolon-before-method-body -Wunguarded-availability -index-store-path /Users/fazalazim/Library/Developer/Xcode/DerivedData/portal-bakgnsackgonetajcjxmslqbqyuc/Index.noindex/DataStore @/Users/fazalazim/Library/Developer/Xcode/DerivedData/portal-bakgnsackgonetajcjxmslqbqyuc/Build/Intermediates.noindex/Pods.build/Debug-iphonesimulator/StripePayments.build/Objects-normal/arm64/e6072d4f65d7061329687fe24e3d63a7-common-args.resp -include /Users/fazalazim/macbook/Shell_pro/Portal_App/ios/Pods/Target\ Support\ Files/StripePayments/StripePayments-prefix.pch -MMD -MT dependencies -MF /Users/fazalazim/Library/Developer/Xcode/DerivedData/portal-bakgnsackgonetajcjxmslqbqyuc/Build/Intermediates.noindex/Pods.build/Debug-iphonesimulator/StripePayments.build/Objects-normal/arm64/NSDictionary+DecodingHelpers.d --serialize-diagnostics /Users/fazalazim/Library/Developer/Xcode/DerivedData/portal-bakgnsackgonetajcjxmslqbqyuc/Build/Intermediates.noindex/Pods.build/Debug-iphonesimulator/StripePayments.build/Objects-normal/arm64/NSDictionary+DecodingHelpers.dia -c /Users/fazalazim/macbook/Shell_pro/Portal_App/ios/Pods/StripePayments/Stripe3DS2/Stripe3DS2/NSDictionary+DecodingHelpers.m -o /Users/fazalazim/Library/Developer/Xcode/DerivedData/portal-bakgnsackgonetajcjxmslqbqyuc/Build/Intermediates.noindex/Pods.build/Debug-iphonesimulator/StripePayments.build/Objects-normal/arm64/NSDictionary+DecodingHelpers.o -index-unit-output-path /Pods.build/Debug-iphonesimulator/StripePayments.build/Objects-normal/arm64/NSDictionary+DecodingHelpers.o
error .swift,\ STPSource.swift,\ STPSourceCardDetails.swift,\ STPSourceEnums.swift,\ STPSourceKlarnaDetails.swift,\ STPSourceOwner.swift /Users/fazalazim/macbook/Shell_pro/Portal_App/ios/Pods/StripePayments/StripePayments/StripePayments/Source/API\ Bindings/Models/PaymentMethods/Types/STPPaymentMethodSunbitParams.swift /Users/fazalazim/macbook/Shell_pro/Portal_App/ios/Pods/StripePayments/StripePayments/StripePayments/Source/API\ Bindings/Models/PaymentMethods/Types/STPPaymentMethodSwish.swift /Users/fazalazim/macbook/Shell_pro/Portal_App/ios/Pods/StripePayments/StripePayments/StripePayments/Source/API\ Bindings/Models/PaymentMethods/Types/STPPaymentMethodSwishParams.swift /Users/fazalazim/macbook/Shell_pro/Portal_App/ios/Pods/StripePayments/StripePayments/StripePayments/Source/API\ Bindings/Models/PaymentMethods/Types/STPPaymentMethodThreeDSecureUsage.swift /Users/fazalazim/macbook/Shell_pro/Portal_App/ios/Pods/StripePayments/StripePayments/StripePayments/Source/API\ Bindings/Models/PaymentMethods/STPPaymentMethodUpdateParams.swift /Users/fazalazim/macbook/Shell_pro/Portal_App/ios/Pods/StripePayments/StripePayments/StripePayments/Source/API\ Bindings/Models/PaymentMethods/Types/STPPaymentMethodUPI.swift /Users/fazalazim/macbook/Shell_pro/Portal_App/ios/Pods/StripePayments/StripePayments/StripePayments/Source/API\ Bindings/Models/PaymentMethods/Types/STPPaymentMethodUPIParams.swift /Users/fazalazim/macbook/Shell_pro/Portal_App/ios/Pods/StripePayments/StripePayments/StripePayments/Source/API\ Bindings/Models/PaymentMethods/Types/STPPaymentMethodUSBankAccount.swift /Users/fazalazim/macbook/Shell_pro/Portal_App/ios/Pods/StripePayments/StripePayments/StripePayments/Source/API\ Bindings/Models/PaymentMethods/Types/STPPaymentMethodUSBankAccountParams.swift /Users/fazalazim/macbook/Shell_pro/Portal_App/ios/Pods/StripePayments/StripePayments/StripePayments/Source/API\ Bindings/Models/PaymentMethods/Types/STPPaymentMethodWeChatPay.swift /Users/fazalazim/macbook/Shell_pro/Portal_App/ios/Pods/StripePayments/StripePayments/StripePayments/Source/API\ Bindings/Models/PaymentMethods/Types/STPPaymentMethodWeChatPayParams.swift /Users/fazalazim/macbook/Shell_pro/Portal_App/ios/Pods/StripePayments/StripePayments/StripePayments/Source/API\ Bindings/Models/PaymentMethods/STPRadarOptions.swift /Users/fazalazim/macbook/Shell_pro/Portal_App/ios/Pods/StripePayments/StripePayments/StripePayments/Source/API\ Bindings/Models/STPRadarSession.swift /Users/fazalazim/macbook/Shell_pro/Portal_App/ios/Pods/StripePayments/StripePayments/StripePayments/Source/API\ Bindings/STPRedirectContext.swift /Users/fazalazim/macbook/Shell_pro/Portal_App/ios/Pods/StripePayments/StripePayments/StripePayments/Source/API\ Bindings/Models/SetupIntents/STPSetupIntent.swift /Users/fazalazim/macbook/Shell_pro/Portal_App/ios/Pods/StripePayments/StripePayments/StripePayments/Source/API\ Bindings/Models/SetupIntents/STPSetupIntentConfirmParams.swift /Users/fazalazim/macbook/Shell_pro/Portal_App/ios/Pods/StripePayments/StripePayments/StripePayments/Source/API\ Bindings/Models/SetupIntents/STPSetupIntentEnums.swift /Users/fazalazim/macbook/Shell_pro/Portal_App/ios/Pods/StripePayments/StripePayments/StripePayments/Source/API\ Bindings/Models/SetupIntents/STPSetupIntentLastSetupError.swift /Users/fazalazim/macbook/Shell_pro/Portal_App/ios/Pods/StripePayments/StripePayments/StripePayments/Source/API\ Bindings/Models/Sources/STPSource.swift /Users/fazalazim/macbook/Shell_pro/Portal_App/ios/Pods/StripePayments/StripePayments/StripePayments/Source/API\ Bindings/Models/Sources/Types/STPSourceCardDetails.swift /Users/fazalazim/macbook/Shell_pro/Portal_App/ios/Pods/StripePayments/StripePayments/StripePayments/Source/API\ Bindings/Models/Sources/STPSourceEnums.swift /Users/fazalazim/macbook/Shell_pro/Portal_App/ios/Pods/StripePayments/StripePayments/StripePayments/Source/API\ Bindings/Models/Sources/Types/STPSourceKlarnaDetails.swift /Users/fazalazim/macbook/Shell_pro/Portal_App/ios/Pods/StripePayments/StripePayments/StripePayments/Source/API\ Bindings/Models/Sources/STPSourceOwner.swift (in target 'StripePayments' from project 'Pods')
error .swift (in target 'StripePayments' from project 'Pods')
error .swift,\ STPPaymentIntentParams.swift,\ STPPaymentIntentShippingDetails.swift,\ STPPaymentIntentShippingDetailsAddress.swift,\ STPPaymentIntentShippingDetailsAddressParams.swift,\ STPPaymentIntentShippingDetailsParams.swift,\ STPPaymentIntentSourceAction.swift,\ STPPaymentIntentSourceActionAuthorizeWithURL.swift,\ STPPaymentMethod.swift,\ STPPaymentMethodAddress.swift,\ STPPaymentMethodAffirm.swift,\ STPPaymentMethodAffirmParams.swift,\ STPPaymentMethodAfterpayClearpay.swift,\ STPPaymentMethodAfterpayClearpayParams.swift,\ STPPaymentMethodAlipay.swift,\ STPPaymentMethodAlipayParams.swift,\ STPPaymentMethodAllowRedisplay.swift,\ STPPaymentMethodAlma.swift,\ STPPaymentMethodAlmaParams.swift /Users/fazalazim/macbook/Shell_pro/Portal_App/ios/Pods/StripePayments/StripePayments/StripePayments/Source/API\ Bindings/Models/PaymentIntents/STPPaymentIntent.swift /Users/fazalazim/macbook/Shell_pro/Portal_App/ios/Pods/StripePayments/StripePayments/StripePayments/Source/API\ Bindings/Models/PaymentIntents/STPPaymentIntentAction.swift /Users/fazalazim/macbook/Shell_pro/Portal_App/ios/Pods/StripePayments/StripePayments/StripePayments/Source/API\ Bindings/Models/PaymentIntents/STPPaymentIntentActionRedirectToURL.swift /Users/fazalazim/macbook/Shell_pro/Portal_App/ios/Pods/StripePayments/StripePayments/StripePayments/Source/API\ Bindings/Models/PaymentIntents/STPPaymentIntentEnums.swift /Users/fazalazim/macbook/Shell_pro/Portal_App/ios/Pods/StripePayments/StripePayments/StripePayments/Source/API\ Bindings/Models/PaymentIntents/STPPaymentIntentLastPaymentError.swift /Users/fazalazim/macbook/Shell_pro/Portal_App/ios/Pods/StripePayments/StripePayments/StripePayments/Source/API\ Bindings/Models/PaymentIntents/STPPaymentIntentParams.swift /Users/fazalazim/macbook/Shell_pro/Portal_App/ios/Pods/StripePayments/StripePayments/StripePayments/Source/API\ Bindings/Models/PaymentIntents/STPPaymentIntentShippingDetails.swift /Users/fazalazim/macbook/Shell_pro/Portal_App/ios/Pods/StripePayments/StripePayments/StripePayments/Source/API\ Bindings/Models/PaymentIntents/STPPaymentIntentShippingDetailsAddress.swift /Users/fazalazim/macbook/Shell_pro/Portal_App/ios/Pods/StripePayments/StripePayments/StripePayments/Source/API\ Bindings/Models/PaymentIntents/STPPaymentIntentShippingDetailsAddressParams.swift /Users/fazalazim/macbook/Shell_pro/Portal_App/ios/Pods/StripePayments/StripePayments/StripePayments/Source/API\ Bindings/Models/PaymentIntents/STPPaymentIntentShippingDetailsParams.swift /Users/fazalazim/macbook/Shell_pro/Portal_App/ios/Pods/StripePayments/StripePayments/StripePayments/Source/API\ Bindings/Models/PaymentIntents/STPPaymentIntentSourceAction.swift /Users/fazalazim/macbook/Shell_pro/Portal_App/ios/Pods/StripePayments/StripePayments/StripePayments/Source/API\ Bindings/Models/PaymentIntents/STPPaymentIntentSourceActionAuthorizeWithURL.swift /Users/fazalazim/macbook/Shell_pro/Portal_App/ios/Pods/StripePayments/StripePayments/StripePayments/Source/API\ Bindings/Models/PaymentMethods/STPPaymentMethod.swift /Users/fazalazim/macbook/Shell_pro/Portal_App/ios/Pods/StripePayments/StripePayments/StripePayments/Source/API\ Bindings/Models/PaymentMethods/STPPaymentMethodAddress.swift /Users/fazalazim/macbook/Shell_pro/Portal_App/ios/Pods/StripePayments/StripePayments/StripePayments/Source/API\ Bindings/Models/PaymentMethods/Types/STPPaymentMethodAffirm.swift /Users/fazalazim/macbook/Shell_pro/Portal_App/ios/Pods/StripePayments/StripePayments/StripePayments/Source/API\ Bindings/Models/PaymentMethods/Types/STPPaymentMethodAffirmParams.swift /Users/fazalazim/macbook/Shell_pro/Portal_App/ios/Pods/StripePayments/StripePayments/StripePayments/Source/API\ Bindings/Models/PaymentMethods/Types/STPPaymentMethodAfterpayClearpay.swift /Users/fazalazim/macbook/Shell_pro/Portal_App/ios/Pods/StripePayments/StripePayments/StripePayments/Source/API\ Bindings/Models/PaymentMethods/Types/STPPaymentMethodAfterpayClearpayParams.swift /Users/fazalazim/macbook/Shell_pro/Portal_App/ios/Pods/StripePayments/StripePayments/StripePayments/Source/API\ Bindings/Models/PaymentMethods/Types/STPPaymentMethodAlipay.swift /Users/fazalazim/macbook/Shell_pro/Portal_App/ios/Pods/StripePayments/StripePayments/StripePayments/Source/API\ Bindings/Models/PaymentMethods/Types/STPPaymentMethodAlipayParams.swift /Users/fazalazim/macbook/Shell_pro/Portal_App/ios/Pods/StripePayments/StripePayments/StripePayments/Source/API\ Bindings/Models/PaymentMethods/STPPaymentMethodAllowRedisplay.swift /Users/fazalazim/macbook/Shell_pro/Portal_App/ios/Pods/StripePayments/StripePayments/StripePayments/Source/API\ Bindings/Models/PaymentMethods/Types/STPPaymentMethodAlma.swift /Users/fazalazim/macbook/Shell_pro/Portal_App/ios/Pods/StripePayments/StripePayments/StripePayments/Source/API\ Bindings/Models/PaymentMethods/Types/STPPaymentMethodAlmaParams.swift (in target 'StripePayments' from project 'Pods')
error .swift,\ HCaptchaEvent.swift,\ HCaptchaHtml.swift,\ HCaptchaLog.swift,\ HCaptchaResult.swift,\ HCaptchaURLOpener.swift,\ HCaptchaWebViewManager.swift,\ HCaptchaWebViewManager+WKNavigationDelegate.swift,\ LinkAccountSession.swift,\ LinkPaymentDetails.swift,\ LinkSettings.swift,\ NSArray+Stripe.swift,\ NSDecimalNumber+Stripe_Currency.swift,\ NSDictionary+Stripe.swift /Users/fazalazim/macbook/Shell_pro/Portal_App/ios/Pods/StripePayments/StripePayments/StripePayments/Source/Internal/Analytics/Analytic+Payments.swift /Users/fazalazim/macbook/Shell_pro/Portal_App/ios/Pods/StripePayments/StripePayments/StripePayments/Source/Internal/API\ Bindings/APIRequest.swift /Users/fazalazim/macbook/Shell_pro/Portal_App/ios/Pods/StripePayments/StripePayments/StripePayments/Source/Internal/Helpers/ConnectionsSDKAvailability.swift /Users/fazalazim/macbook/Shell_pro/Portal_App/ios/Pods/StripePayments/StripePayments/StripePayments/Source/Captcha/DispatchQueue+Throttle.swift /Users/fazalazim/macbook/Shell_pro/Portal_App/ios/Pods/StripePayments/StripePayments/StripePayments/Source/Categories/Enums+CustomStringConvertible.swift /Users/fazalazim/macbook/Shell_pro/Portal_App/ios/Pods/StripePayments/StripePayments/StripePayments/Source/Captcha/HCaptcha.swift /Users/fazalazim/macbook/Shell_pro/Portal_App/ios/Pods/StripePayments/StripePayments/StripePayments/Source/Captcha/HCaptchaConfig.swift /Users/fazalazim/macbook/Shell_pro/Portal_App/ios/Pods/StripePayments/StripePayments/StripePayments/Source/Captcha/HCaptchaDebugInfo.swift /Users/fazalazim/macbook/Shell_pro/Portal_App/ios/Pods/StripePayments/StripePayments/StripePayments/Source/Captcha/HCaptchaDecoder.swift /Users/fazalazim/macbook/Shell_pro/Portal_App/ios/Pods/StripePayments/StripePayments/StripePayments/Source/Captcha/HCaptchaError.swift /Users/fazalazim/macbook/Shell_pro/Portal_App/ios/Pods/StripePayments/StripePayments/StripePayments/Source/Captcha/HCaptchaEvent.swift /Users/fazalazim/macbook/Shell_pro/Portal_App/ios/Pods/StripePayments/StripePayments/StripePayments/Source/Captcha/HCaptchaHtml.swift /Users/fazalazim/macbook/Shell_pro/Portal_App/ios/Pods/StripePayments/StripePayments/StripePayments/Source/Captcha/HCaptchaLog.swift /Users/fazalazim/macbook/Shell_pro/Portal_App/ios/Pods/StripePayments/StripePayments/StripePayments/Source/Captcha/HCaptchaResult.swift /Users/fazalazim/macbook/Shell_pro/Portal_App/ios/Pods/StripePayments/StripePayments/StripePayments/Source/Captcha/HCaptchaURLOpener.swift /Users/fazalazim/macbook/Shell_pro/Portal_App/ios/Pods/StripePayments/StripePayments/StripePayments/Source/Captcha/HCaptchaWebViewManager.swift /Users/fazalazim/macbook/Shell_pro/Portal_App/ios/Pods/StripePayments/StripePayments/StripePayments/Source/Captcha/HCaptchaWebViewManager+WKNavigationDelegate.swift /Users/fazalazim/macbook/Shell_pro/Portal_App/ios/Pods/StripePayments/StripePayments/StripePayments/Source/API\ Bindings/Models/ACH/LinkAccountSession.swift /Users/fazalazim/macbook/Shell_pro/Portal_App/ios/Pods/StripePayments/StripePayments/StripePayments/Source/API\ Bindings/Models/PaymentMethods/LinkPaymentDetails.swift /Users/fazalazim/macbook/Shell_pro/Portal_App/ios/Pods/StripePayments/StripePayments/StripePayments/Source/API\ Bindings/Models/Shared/LinkSettings.swift /Users/fazalazim/macbook/Shell_pro/Portal_App/ios/Pods/StripePayments/StripePayments/StripePayments/Source/Internal/Categories/NSArray+Stripe.swift /Users/fazalazim/macbook/Shell_pro/Portal_App/ios/Pods/StripePayments/StripePayments/StripePayments/Source/Internal/Categories/NSDecimalNumber+Stripe_Currency.swift /Users/fazalazim/macbook/Shell_pro/Portal_App/ios/Pods/StripePayments/StripePayments/StripePayments/Source/Internal/Categories/NSDictionary+Stripe.swift (in target 'StripePayments' from project 'Pods')
error .swift, STPPaymentIntentParams.swift, STPPaymentIntentShippingDetails.swift, STPPaymentIntentShippingDetailsAddress.swift, STPPaymentIntentShippingDetailsAddressParams.swift, STPPaymentIntentShippingDetailsParams.swift, STPPaymentIntentSourceAction.swift, STPPaymentIntentSourceActionAuthorizeWithURL.swift, STPPaymentMethod.swift, STPPaymentMethodAddress.swift, STPPaymentMethodAffirm.swift, STPPaymentMethodAffirmParams.swift, STPPaymentMethodAfterpayClearpay.swift, STPPaymentMethodAfterpayClearpayParams.swift, STPPaymentMethodAlipay.swift, STPPaymentMethodAlipayParams.swift, STPPaymentMethodAllowRedisplay.swift, STPPaymentMethodAlma.swift, STPPaymentMethodAlmaParams.swift (in target 'StripePayments' from project 'Pods')
error .swift, HCaptchaEvent.swift, HCaptchaHtml.swift, HCaptchaLog.swift, HCaptchaResult.swift, HCaptchaURLOpener.swift, HCaptchaWebViewManager.swift, HCaptchaWebViewManager+WKNavigationDelegate.swift, LinkAccountSession.swift, LinkPaymentDetails.swift, LinkSettings.swift, NSArray+Stripe.swift, NSDecimalNumber+Stripe_Currency.swift, NSDictionary+Stripe.swift (in target 'StripePayments' from project 'Pods')
error .swift, STPSource.swift, STPSourceCardDetails.swift, STPSourceEnums.swift, STPSourceKlarnaDetails.swift, STPSourceOwner.swift (in target 'StripePayments' from project 'Pods')
error \=non-modular-include-in-framework-module -Wno-trigraphs -Wno-missing-field-initializers -Wno-missing-prototypes -Werror\=return-type -Wdocumentation -Wunreachable-code -Wno-implicit-atomic-properties -Werror\=deprecated-objc-isa-usage -Wno-objc-interface-ivars -Werror\=objc-root-class -Wno-arc-repeated-use-of-weak -Wimplicit-retain-self -Wduplicate-method-match -Wno-missing-braces -Wparentheses -Wswitch -Wunused-function -Wno-unused-label -Wno-unused-parameter -Wunused-variable -Wunused-value -Wempty-body -Wuninitialized -Wconditional-uninitialized -Wno-unknown-pragmas -Wno-shadow -Wno-four-char-constants -Wno-conversion -Wconstant-conversion -Wint-conversion -Wbool-conversion -Wenum-conversion -Wno-float-conversion -Wnon-literal-null-conversion -Wobjc-literal-conversion -Wshorten-64-to-32 -Wpointer-sign -Wno-newline-eof -Wno-selector -Wno-strict-selector-match -Wundeclared-selector -Wdeprecated-implementations -Wno-implicit-fallthrough -fstrict-aliasing -Wprotocol -Wdeprecated-declarations -Wno-sign-conversion -Winfinite-recursion -Wcomma -Wblock-capture-autoreleasing -Wstrict-prototypes -Wno-semicolon-before-method-body -Wunguarded-availability -index-store-path /Users/fazalazim/Library/Developer/Xcode/DerivedData/portal-bakgnsackgonetajcjxmslqbqyuc/Index.noindex/DataStore @/Users/fazalazim/Library/Developer/Xcode/DerivedData/portal-bakgnsackgonetajcjxmslqbqyuc/Build/Intermediates.noindex/Pods.build/Debug-iphonesimulator/StripeUICore.build/Objects-normal/arm64/e6072d4f65d7061329687fe24e3d63a7-common-args.resp -include /Users/fazalazim/macbook/Shell_pro/Portal_App/ios/Pods/Target\ Support\ Files/StripeUICore/StripeUICore-prefix.pch -MMD -MT dependencies -MF /Users/fazalazim/Library/Developer/Xcode/DerivedData/portal-bakgnsackgonetajcjxmslqbqyuc/Build/Intermediates.noindex/Pods.build/Debug-iphonesimulator/StripeUICore.build/Objects-normal/arm64/StripeUICore-dummy.d --serialize-diagnostics /Users/fazalazim/Library/Developer/Xcode/DerivedData/portal-bakgnsackgonetajcjxmslqbqyuc/Build/Intermediates.noindex/Pods.build/Debug-iphonesimulator/StripeUICore.build/Objects-normal/arm64/StripeUICore-dummy.dia -c /Users/fazalazim/macbook/Shell_pro/Portal_App/ios/Pods/Target\ Support\ Files/StripeUICore/StripeUICore-dummy.m -o /Users/fazalazim/Library/Developer/Xcode/DerivedData/portal-bakgnsackgonetajcjxmslqbqyuc/Build/Intermediates.noindex/Pods.build/Debug-iphonesimulator/StripeUICore.build/Objects-normal/arm64/StripeUICore-dummy.o -index-unit-output-path /Pods.build/Debug-iphonesimulator/StripeUICore.build/Objects-normal/arm64/StripeUICore-dummy.o
error \=non-modular-include-in-framework-module -Wno-trigraphs -Wno-missing-field-initializers -Wno-missing-prototypes -Werror\=return-type -Wdocumentation -Wunreachable-code -Wno-implicit-atomic-properties -Werror\=deprecated-objc-isa-usage -Wno-objc-interface-ivars -Werror\=objc-root-class -Wno-arc-repeated-use-of-weak -Wimplicit-retain-self -Wduplicate-method-match -Wno-missing-braces -Wparentheses -Wswitch -Wunused-function -Wno-unused-label -Wno-unused-parameter -Wunused-variable -Wunused-value -Wempty-body -Wuninitialized -Wconditional-uninitialized -Wno-unknown-pragmas -Wno-shadow -Wno-four-char-constants -Wno-conversion -Wconstant-conversion -Wint-conversion -Wbool-conversion -Wenum-conversion -Wno-float-conversion -Wnon-literal-null-conversion -Wobjc-literal-conversion -Wshorten-64-to-32 -Wpointer-sign -Wno-newline-eof -Wno-selector -Wno-strict-selector-match -Wundeclared-selector -Wdeprecated-implementations -Wno-implicit-fallthrough -fstrict-aliasing -Wprotocol -Wdeprecated-declarations -Wno-sign-conversion -Winfinite-recursion -Wcomma -Wblock-capture-autoreleasing -Wstrict-prototypes -Wno-semicolon-before-method-body -Wunguarded-availability -index-store-path /Users/fazalazim/Library/Developer/Xcode/DerivedData/portal-bakgnsackgonetajcjxmslqbqyuc/Index.noindex/DataStore @/Users/fazalazim/Library/Developer/Xcode/DerivedData/portal-bakgnsackgonetajcjxmslqbqyuc/Build/Intermediates.noindex/Pods.build/Debug-iphonesimulator/StripePaymentsUI.build/Objects-normal/arm64/e6072d4f65d7061329687fe24e3d63a7-common-args.resp -include /Users/fazalazim/macbook/Shell_pro/Portal_App/ios/Pods/Target\ Support\ Files/StripePaymentsUI/StripePaymentsUI-prefix.pch -MMD -MT dependencies -MF /Users/fazalazim/Library/Developer/Xcode/DerivedData/portal-bakgnsackgonetajcjxmslqbqyuc/Build/Intermediates.noindex/Pods.build/Debug-iphonesimulator/StripePaymentsUI.build/Objects-normal/arm64/StripePaymentsUI-dummy.d --serialize-diagnostics /Users/fazalazim/Library/Developer/Xcode/DerivedData/portal-bakgnsackgonetajcjxmslqbqyuc/Build/Intermediates.noindex/Pods.build/Debug-iphonesimulator/StripePaymentsUI.build/Objects-normal/arm64/StripePaymentsUI-dummy.dia -c /Users/fazalazim/macbook/Shell_pro/Portal_App/ios/Pods/Target\ Support\ Files/StripePaymentsUI/StripePaymentsUI-dummy.m -o /Users/fazalazim/Library/Developer/Xcode/DerivedData/portal-bakgnsackgonetajcjxmslqbqyuc/Build/Intermediates.noindex/Pods.build/Debug-iphonesimulator/StripePaymentsUI.build/Objects-normal/arm64/StripePaymentsUI-dummy.o -index-unit-output-path /Pods.build/Debug-iphonesimulator/StripePaymentsUI.build/Objects-normal/arm64/StripePaymentsUI-dummy.o
error .swift,\ PKPaymentAuthorizationViewController+Stripe_Blocks.swift /Users/fazalazim/macbook/Shell_pro/Portal_App/ios/Pods/Stripe/Stripe/StripeiOS/Source/PKAddPaymentPassRequest+Stripe_Error.swift /Users/fazalazim/macbook/Shell_pro/Portal_App/ios/Pods/Stripe/Stripe/StripeiOS/Source/PKPaymentAuthorizationViewController+Stripe_Blocks.swift (in target 'Stripe' from project 'Pods')
error .swift (in target 'Stripe' from project 'Pods')
error .swift, PKPaymentAuthorizationViewController+Stripe_Blocks.swift (in target 'Stripe' from project 'Pods')
error \=non-modular-include-in-framework-module -Wno-trigraphs -Wno-missing-field-initializers -Wno-missing-prototypes -Werror\=return-type -Wdocumentation -Wunreachable-code -Wno-implicit-atomic-properties -Werror\=deprecated-objc-isa-usage -Wno-objc-interface-ivars -Werror\=objc-root-class -Wno-arc-repeated-use-of-weak -Wimplicit-retain-self -Wduplicate-method-match -Wno-missing-braces -Wparentheses -Wswitch -Wunused-function -Wno-unused-label -Wno-unused-parameter -Wunused-variable -Wunused-value -Wempty-body -Wuninitialized -Wconditional-uninitialized -Wno-unknown-pragmas -Wno-shadow -Wno-four-char-constants -Wno-conversion -Wconstant-conversion -Wint-conversion -Wbool-conversion -Wenum-conversion -Wno-float-conversion -Wnon-literal-null-conversion -Wobjc-literal-conversion -Wshorten-64-to-32 -Wpointer-sign -Wno-newline-eof -Wno-selector -Wno-strict-selector-match -Wundeclared-selector -Wdeprecated-implementations -Wno-implicit-fallthrough -fstrict-aliasing -Wprotocol -Wdeprecated-declarations -Wno-sign-conversion -Winfinite-recursion -Wcomma -Wblock-capture-autoreleasing -Wstrict-prototypes -Wno-semicolon-before-method-body -Wunguarded-availability -index-store-path /Users/fazalazim/Library/Developer/Xcode/DerivedData/portal-bakgnsackgonetajcjxmslqbqyuc/Index.noindex/DataStore @/Users/fazalazim/Library/Developer/Xcode/DerivedData/portal-bakgnsackgonetajcjxmslqbqyuc/Build/Intermediates.noindex/Pods.build/Debug-iphonesimulator/Stripe.build/Objects-normal/arm64/e6072d4f65d7061329687fe24e3d63a7-common-args.resp -include /Users/fazalazim/macbook/Shell_pro/Portal_App/ios/Pods/Target\ Support\ Files/Stripe/Stripe-prefix.pch -MMD -MT dependencies -MF /Users/fazalazim/Library/Developer/Xcode/DerivedData/portal-bakgnsackgonetajcjxmslqbqyuc/Build/Intermediates.noindex/Pods.build/Debug-iphonesimulator/Stripe.build/Objects-normal/arm64/Stripe-dummy.d --serialize-diagnostics /Users/fazalazim/Library/Developer/Xcode/DerivedData/portal-bakgnsackgonetajcjxmslqbqyuc/Build/Intermediates.noindex/Pods.build/Debug-iphonesimulator/Stripe.build/Objects-normal/arm64/Stripe-dummy.dia -c /Users/fazalazim/macbook/Shell_pro/Portal_App/ios/Pods/Target\ Support\ Files/Stripe/Stripe-dummy.m -o /Users/fazalazim/Library/Developer/Xcode/DerivedData/portal-bakgnsackgonetajcjxmslqbqyuc/Build/Intermediates.noindex/Pods.build/Debug-iphonesimulator/Stripe.build/Objects-normal/arm64/Stripe-dummy.o -index-unit-output-path /Pods.build/Debug-iphonesimulator/Stripe.build/Objects-normal/arm64/Stripe-dummy.o
error export GCC_WARN_INHIBIT_ALL_WARNINGS\=YES
error . Set environment variable "CORESVG_VERBOSE" to learn more.
error export GCC_WARN_PEDANTIC\=YES
error /TerminalErrorView.swift /Users/fazalazim/macbook/Shell_pro/Portal_App/ios/Pods/StripeFinancialConnections/StripeFinancialConnections/StripeFinancialConnections/Source/Native/TerminalError/TerminalErrorViewController.swift /Users/fazalazim/macbook/Shell_pro/Portal_App/ios/Pods/StripeFinancialConnections/StripeFinancialConnections/StripeFinancialConnections/Source/Common/TestModeAutofillBannerView.swift /Users/fazalazim/macbook/Shell_pro/Portal_App/ios/Pods/StripeFinancialConnections/StripeFinancialConnections/StripeFinancialConnections/Source/Native/Shared/TimeInterval+Extensions.swift /Users/fazalazim/macbook/Shell_pro/Portal_App/ios/Pods/StripeFinancialConnections/StripeFinancialConnections/StripeFinancialConnections/Source/Native/Shared/UIImage+Extensions.swift /Users/fazalazim/macbook/Shell_pro/Portal_App/ios/Pods/StripeFinancialConnections/StripeFinancialConnections/StripeFinancialConnections/Source/Native/Shared/UIImageView+Extensions.swift /Users/fazalazim/macbook/Shell_pro/Portal_App/ios/Pods/StripeFinancialConnections/StripeFinancialConnections/StripeFinancialConnections/Source/Native/Shared/UITableView+Extensions.swift /Users/fazalazim/macbook/Shell_pro/Portal_App/ios/Pods/StripeFinancialConnections/StripeFinancialConnections/StripeFinancialConnections/Source/Helpers/UIViewController+Extensions.swift /Users/fazalazim/macbook/Shell_pro/Portal_App/ios/Pods/StripeFinancialConnections/StripeFinancialConnections/StripeFinancialConnections/Source/Native/Shared/UIViewController+KeyboardAvoiding.swift (in target 'StripeFinancialConnections' from project 'Pods')
error /TerminalErrorView.swift (in target 'StripeFinancialConnections' from project 'Pods')
error /TerminalErrorViewController.swift (in target 'StripeFinancialConnections' from project 'Pods')
error .swift,\ FinancialConnectionsDataAccessNotice.swift,\ FinancialConnectionsEvent+Extensions.swift /Users/fazalazim/macbook/Shell_pro/Portal_App/ios/Pods/StripeFinancialConnections/StripeFinancialConnections/StripeFinancialConnections/Source/Common/ExperimentHelper.swift /Users/fazalazim/macbook/Shell_pro/Portal_App/ios/Pods/StripeFinancialConnections/StripeFinancialConnections/StripeFinancialConnections/Source/Native/Shared/FeedbackGeneratorAdapter.swift /Users/fazalazim/macbook/Shell_pro/Portal_App/ios/Pods/StripeFinancialConnections/StripeFinancialConnections/StripeFinancialConnections/Source/API\ Bindings/Models/FinancialConnectionsAccount.swift /Users/fazalazim/macbook/Shell_pro/Portal_App/ios/Pods/StripeFinancialConnections/StripeFinancialConnections/StripeFinancialConnections/Source/Web/FinancialConnectionsAccountFetcher.swift /Users/fazalazim/macbook/Shell_pro/Portal_App/ios/Pods/StripeFinancialConnections/StripeFinancialConnections/StripeFinancialConnections/Source/API\ Bindings/Models/FinancialConnectionsAccountPickerPane.swift /Users/fazalazim/macbook/Shell_pro/Portal_App/ios/Pods/StripeFinancialConnections/StripeFinancialConnections/StripeFinancialConnections/Source/Analytics/FinancialConnectionsAnalyticsClient.swift /Users/fazalazim/macbook/Shell_pro/Portal_App/ios/Pods/StripeFinancialConnections/StripeFinancialConnections/StripeFinancialConnections/Source/API\ Bindings/FinancialConnectionsAPI.swift /Users/fazalazim/macbook/Shell_pro/Portal_App/ios/Pods/StripeFinancialConnections/StripeFinancialConnections/StripeFinancialConnections/Source/API\ Bindings/FinancialConnectionsAPIClientLogger.swift /Users/fazalazim/macbook/Shell_pro/Portal_App/ios/Pods/StripeFinancialConnections/StripeFinancialConnections/StripeFinancialConnections/Source/API\ Bindings/FinancialConnectionsAPIEndpoint.swift /Users/fazalazim/macbook/Shell_pro/Portal_App/ios/Pods/StripeFinancialConnections/StripeFinancialConnections/StripeFinancialConnections/Source/Helpers/FinancialConnectionsAppearance.swift /Users/fazalazim/macbook/Shell_pro/Portal_App/ios/Pods/StripeFinancialConnections/StripeFinancialConnections/StripeFinancialConnections/Source/API\ Bindings/FinancialConnectionsAsyncAPIClient.swift /Users/fazalazim/macbook/Shell_pro/Portal_App/ios/Pods/StripeFinancialConnections/StripeFinancialConnections/StripeFinancialConnections/Source/API\ Bindings/FinancialConnectionsAsyncAPIClient+Wrappers.swift /Users/fazalazim/macbook/Shell_pro/Portal_App/ios/Pods/StripeFinancialConnections/StripeFinancialConnections/StripeFinancialConnections/Source/API\ Bindings/Models/FinancialConnectionsAuthSession.swift /Users/fazalazim/macbook/Shell_pro/Portal_App/ios/Pods/StripeFinancialConnections/StripeFinancialConnections/StripeFinancialConnections/Source/API\ Bindings/Models/FinancialConnectionsBulletPoint.swift /Users/fazalazim/macbook/Shell_pro/Portal_App/ios/Pods/StripeFinancialConnections/StripeFinancialConnections/StripeFinancialConnections/Source/API\ Bindings/Models/FinancialConnectionsConsent.swift /Users/fazalazim/macbook/Shell_pro/Portal_App/ios/Pods/StripeFinancialConnections/StripeFinancialConnections/StripeFinancialConnections/Source/Common/FinancialConnectionsCustomManualEntryRequiredError.swift /Users/fazalazim/macbook/Shell_pro/Portal_App/ios/Pods/StripeFinancialConnections/StripeFinancialConnections/StripeFinancialConnections/Source/API\ Bindings/Models/FinancialConnectionsDataAccessNotice.swift /Users/fazalazim/macbook/Shell_pro/Portal_App/ios/Pods/StripeFinancialConnections/StripeFinancialConnections/StripeFinancialConnections/Source/Helpers/FinancialConnectionsEvent+Extensions.swift (in target 'StripeFinancialConnections' from project 'Pods')
error .swift (in target 'StripeFinancialConnections' from project 'Pods')
error .swift,\ FinancialConnectionsSynchronize.swift,\ FinancialConnectionsWebFlowViewController.swift,\ FlowRouter.swift,\ GenericInfoBodyView.swift,\ GenericInfoFooterView.swift,\ GenericInfoViewController.swift,\ Helpers.swift,\ HitTestStackView.swift,\ HitTestView.swift,\ HostController.swift /Users/fazalazim/macbook/Shell_pro/Portal_App/ios/Pods/StripeFinancialConnections/StripeFinancialConnections/StripeFinancialConnections/Source/FinancialConnectionsSDK/FinancialConnectionsSDKImplementation.swift /Users/fazalazim/macbook/Shell_pro/Portal_App/ios/Pods/StripeFinancialConnections/StripeFinancialConnections/StripeFinancialConnections/Source/API\ Bindings/Models/FinancialConnectionsSelectInstitution.swift /Users/fazalazim/macbook/Shell_pro/Portal_App/ios/Pods/StripeFinancialConnections/StripeFinancialConnections/StripeFinancialConnections/Source/API\ Bindings/Models/FinancialConnectionsSession.swift /Users/fazalazim/macbook/Shell_pro/Portal_App/ios/Pods/StripeFinancialConnections/StripeFinancialConnections/StripeFinancialConnections/Source/Web/FinancialConnectionsSessionFetcher.swift /Users/fazalazim/macbook/Shell_pro/Portal_App/ios/Pods/StripeFinancialConnections/StripeFinancialConnections/StripeFinancialConnections/Source/API\ Bindings/Models/FinancialConnectionsSessionManifest.swift /Users/fazalazim/macbook/Shell_pro/Portal_App/ios/Pods/StripeFinancialConnections/StripeFinancialConnections/StripeFinancialConnections/Source/FinancialConnectionsSheet.swift /Users/fazalazim/macbook/Shell_pro/Portal_App/ios/Pods/StripeFinancialConnections/StripeFinancialConnections/StripeFinancialConnections/Source/Analytics/FinancialConnectionsSheetAnalytics.swift /Users/fazalazim/macbook/Shell_pro/Portal_App/ios/Pods/StripeFinancialConnections/StripeFinancialConnections/StripeFinancialConnections/Source/FinancialConnectionsSheetError.swift /Users/fazalazim/macbook/Shell_pro/Portal_App/ios/Pods/StripeFinancialConnections/StripeFinancialConnections/StripeFinancialConnections/Source/API\ Bindings/Models/FinancialConnectionsSynchronize.swift /Users/fazalazim/macbook/Shell_pro/Portal_App/ios/Pods/StripeFinancialConnections/StripeFinancialConnections/StripeFinancialConnections/Source/Web/FinancialConnectionsWebFlowViewController.swift /Users/fazalazim/macbook/Shell_pro/Portal_App/ios/Pods/StripeFinancialConnections/StripeFinancialConnections/StripeFinancialConnections/Source/Common/FlowRouter.swift /Users/fazalazim/macbook/Shell_pro/Portal_App/ios/Pods/StripeFinancialConnections/StripeFinancialConnections/StripeFinancialConnections/Source/Native/Shared/GenericInfoScreen/GenericInfoBodyView.swift /Users/fazalazim/macbook/Shell_pro/Portal_App/ios/Pods/StripeFinancialConnections/StripeFinancialConnections/StripeFinancialConnections/Source/Native/Shared/GenericInfoScreen/GenericInfoFooterView.swift /Users/fazalazim/macbook/Shell_pro/Portal_App/ios/Pods/StripeFinancialConnections/StripeFinancialConnections/StripeFinancialConnections/Source/Native/Shared/GenericInfoScreen/GenericInfoViewController.swift /Users/fazalazim/macbook/Shell_pro/Portal_App/ios/Pods/StripeFinancialConnections/StripeFinancialConnections/StripeFinancialConnections/Source/Helpers/Helpers.swift /Users/fazalazim/macbook/Shell_pro/Portal_App/ios/Pods/StripeFinancialConnections/StripeFinancialConnections/StripeFinancialConnections/Source/Native/Shared/HitTestStackView.swift /Users/fazalazim/macbook/Shell_pro/Portal_App/ios/Pods/StripeFinancialConnections/StripeFinancialConnections/StripeFinancialConnections/Source/Native/Shared/HitTestView.swift /Users/fazalazim/macbook/Shell_pro/Portal_App/ios/Pods/StripeFinancialConnections/StripeFinancialConnections/StripeFinancialConnections/Source/Common/HostController.swift (in target 'StripeFinancialConnections' from project 'Pods')
error .swift, FinancialConnectionsDataAccessNotice.swift, FinancialConnectionsEvent+Extensions.swift (in target 'StripeFinancialConnections' from project 'Pods')
error +PaymentSheet.swift,\ ExperimentData.swift /Users/fazalazim/macbook/Shell_pro/Portal_App/ios/Pods/StripePaymentSheet/StripePaymentSheet/StripePaymentSheet/Source/Internal/API\ Bindings/v1-elements-sessions/CustomPaymentMethod.swift /Users/fazalazim/macbook/Shell_pro/Portal_App/ios/Pods/StripePaymentSheet/StripePaymentSheet/StripePaymentSheet/Source/PaymentSheet/Views/CVCPaymentMethodInformationView.swift /Users/fazalazim/macbook/Shell_pro/Portal_App/ios/Pods/StripePaymentSheet/StripePaymentSheet/StripePaymentSheet/Source/PaymentSheet/Elements/CardSection/CVCRecollectionElement.swift /Users/fazalazim/macbook/Shell_pro/Portal_App/ios/Pods/StripePaymentSheet/StripePaymentSheet/StripePaymentSheet/Source/PaymentSheet/Views/CVCRecollectionView.swift /Users/fazalazim/macbook/Shell_pro/Portal_App/ios/Pods/StripePaymentSheet/StripePaymentSheet/StripePaymentSheet/Source/PaymentSheet/ViewControllers/CVCReconfirmationVerticalViewController.swift /Users/fazalazim/macbook/Shell_pro/Portal_App/ios/Pods/StripePaymentSheet/StripePaymentSheet/StripePaymentSheet/Source/PaymentSheet/ViewControllers/CVCReconfirmationViewController.swift /Users/fazalazim/macbook/Shell_pro/Portal_App/ios/Pods/StripePaymentSheet/StripePaymentSheet/StripePaymentSheet/Source/Categories/Data+SHA256.swift /Users/fazalazim/macbook/Shell_pro/Portal_App/ios/Pods/StripePaymentSheet/StripePaymentSheet/StripePaymentSheet/Source/Helpers/DownloadManager.swift /Users/fazalazim/macbook/Shell_pro/Portal_App/ios/Pods/StripePaymentSheet/StripePaymentSheet/StripePaymentSheet/Source/Internal/ECE/ECEBridgeTypes.swift /Users/fazalazim/macbook/Shell_pro/Portal_App/ios/Pods/StripePaymentSheet/StripePaymentSheet/StripePaymentSheet/Source/Internal/ECE/ECEIndexHtml.swift /Users/fazalazim/macbook/Shell_pro/Portal_App/ios/Pods/StripePaymentSheet/StripePaymentSheet/StripePaymentSheet/Source/Internal/ECE/ECEViewController.swift /Users/fazalazim/macbook/Shell_pro/Portal_App/ios/Pods/StripePaymentSheet/StripePaymentSheet/StripePaymentSheet/Source/Internal/API\ Bindings/v1-elements-sessions/ElementsCustomer.swift /Users/fazalazim/macbook/Shell_pro/Portal_App/ios/Pods/StripePaymentSheet/StripePaymentSheet/StripePaymentSheet/Source/PaymentSheet/Embedded/EmbeddedFormViewController.swift /Users/fazalazim/macbook/Shell_pro/Portal_App/ios/Pods/StripePaymentSheet/StripePaymentSheet/StripePaymentSheet/Source/PaymentSheet/Embedded/EmbeddedPaymentElement.swift /Users/fazalazim/macbook/Shell_pro/Portal_App/ios/Pods/StripePaymentSheet/StripePaymentSheet/StripePaymentSheet/Source/PaymentSheet/Embedded/EmbeddedPaymentElement+Internal.swift /Users/fazalazim/macbook/Shell_pro/Portal_App/ios/Pods/StripePaymentSheet/StripePaymentSheet/StripePaymentSheet/Source/PaymentSheet/Embedded/EmbeddedPaymentElement+SwiftUI.swift /Users/fazalazim/macbook/Shell_pro/Portal_App/ios/Pods/StripePaymentSheet/StripePaymentSheet/StripePaymentSheet/Source/PaymentSheet/Embedded/EmbeddedPaymentElementConfiguration.swift /Users/fazalazim/macbook/Shell_pro/Portal_App/ios/Pods/StripePaymentSheet/StripePaymentSheet/StripePaymentSheet/Source/PaymentSheet/Embedded/EmbeddedPaymentElementContainerView.swift /Users/fazalazim/macbook/Shell_pro/Portal_App/ios/Pods/StripePaymentSheet/StripePaymentSheet/StripePaymentSheet/Source/PaymentSheet/Embedded/EmbeddedPaymentElementDelegate.swift /Users/fazalazim/macbook/Shell_pro/Portal_App/ios/Pods/StripePaymentSheet/StripePaymentSheet/StripePaymentSheet/Source/PaymentSheet/Embedded/EmbeddedPaymentMethodsView.swift /Users/fazalazim/macbook/Shell_pro/Portal_App/ios/Pods/StripePaymentSheet/StripePaymentSheet/StripePaymentSheet/Source/PaymentSheet/Embedded/EmbeddedUpdateContext.swift /Users/fazalazim/macbook/Shell_pro/Portal_App/ios/Pods/StripePaymentSheet/StripePaymentSheet/StripePaymentSheet/Source/PaymentSheet/Embedded/EmbeddedViewRepresentable.swift /Users/fazalazim/macbook/Shell_pro/Portal_App/ios/Pods/StripePaymentSheet/StripePaymentSheet/StripePaymentSheet/Source/PaymentSheet/Error+PaymentSheet.swift /Users/fazalazim/macbook/Shell_pro/Portal_App/ios/Pods/StripePaymentSheet/StripePaymentSheet/StripePaymentSheet/Source/Internal/API\ Bindings/v1-elements-sessions/ExperimentData.swift (in target 'StripePaymentSheet' from project 'Pods')
error +PaymentSheet.swift (in target 'StripePaymentSheet' from project 'Pods')
error .swift,\ PaymentSheetFlowController.swift,\ PaymentSheetFlowControllerViewController.swift,\ PaymentSheetFormFactory.swift,\ PaymentSheetFormFactory+BLIK.swift,\ PaymentSheetFormFactory+Boleto.swift,\ PaymentSheetFormFactory+Card.swift,\ PaymentSheetFormFactory+FormSpec.swift /Users/fazalazim/macbook/Shell_pro/Portal_App/ios/Pods/StripePaymentSheet/StripePaymentSheet/StripePaymentSheet/Source/PaymentSheet/Views/PaymentMethodTypeImageView.swift /Users/fazalazim/macbook/Shell_pro/Portal_App/ios/Pods/StripePaymentSheet/StripePaymentSheet/StripePaymentSheet/Source/Internal/API\ Bindings/v1-elements-sessions/PaymentMethodWithLinkDetails.swift /Users/fazalazim/macbook/Shell_pro/Portal_App/ios/Pods/StripePaymentSheet/StripePaymentSheet/StripePaymentSheet/Source/PaymentSheet/PaymentOption+Images.swift /Users/fazalazim/macbook/Shell_pro/Portal_App/ios/Pods/StripePaymentSheet/StripePaymentSheet/StripePaymentSheet/Source/PaymentSheet/PaymentSheet.swift /Users/fazalazim/macbook/Shell_pro/Portal_App/ios/Pods/StripePaymentSheet/StripePaymentSheet/StripePaymentSheet/Source/PaymentSheet/PaymentSheet+API.swift /Users/fazalazim/macbook/Shell_pro/Portal_App/ios/Pods/StripePaymentSheet/StripePaymentSheet/StripePaymentSheet/Source/PaymentSheet/PaymentSheet+DeferredAPI.swift /Users/fazalazim/macbook/Shell_pro/Portal_App/ios/Pods/StripePaymentSheet/StripePaymentSheet/StripePaymentSheet/Source/PaymentSheet/PaymentSheet+Link.swift /Users/fazalazim/macbook/Shell_pro/Portal_App/ios/Pods/StripePaymentSheet/StripePaymentSheet/StripePaymentSheet/Source/PaymentSheet/PaymentSheet+PaymentMethodAvailability.swift /Users/fazalazim/macbook/Shell_pro/Portal_App/ios/Pods/StripePaymentSheet/StripePaymentSheet/StripePaymentSheet/Source/PaymentSheet/PaymentSheet+SwiftUI.swift /Users/fazalazim/macbook/Shell_pro/Portal_App/ios/Pods/StripePaymentSheet/StripePaymentSheet/StripePaymentSheet/Source/Internal/Link/Extensions/PaymentSheet-Configuration+Link.swift /Users/fazalazim/macbook/Shell_pro/Portal_App/ios/Pods/StripePaymentSheet/StripePaymentSheet/StripePaymentSheet/Source/PaymentSheet/Link/PaymentSheet-LinkConfirmOption.swift /Users/fazalazim/macbook/Shell_pro/Portal_App/ios/Pods/StripePaymentSheet/StripePaymentSheet/StripePaymentSheet/Source/Analytics/Experiments/PaymentSheetAnalytics+Experiments.swift /Users/fazalazim/macbook/Shell_pro/Portal_App/ios/Pods/StripePaymentSheet/StripePaymentSheet/StripePaymentSheet/Source/Analytics/PaymentSheetAnalyticsHelper.swift /Users/fazalazim/macbook/Shell_pro/Portal_App/ios/Pods/StripePaymentSheet/StripePaymentSheet/StripePaymentSheet/Source/PaymentSheet/PaymentSheetAppearance.swift /Users/fazalazim/macbook/Shell_pro/Portal_App/ios/Pods/StripePaymentSheet/StripePaymentSheet/StripePaymentSheet/Source/PaymentSheet/PaymentSheetConfiguration.swift /Users/fazalazim/macbook/Shell_pro/Portal_App/ios/Pods/StripePaymentSheet/StripePaymentSheet/StripePaymentSheet/Source/PaymentSheet/PaymentSheetDeferredValidator.swift /Users/fazalazim/macbook/Shell_pro/Portal_App/ios/Pods/StripePaymentSheet/StripePaymentSheet/StripePaymentSheet/Source/PaymentSheet/PaymentSheetError.swift /Users/fazalazim/macbook/Shell_pro/Portal_App/ios/Pods/StripePaymentSheet/StripePaymentSheet/StripePaymentSheet/Source/PaymentSheet/PaymentSheetFlowController.swift /Users/fazalazim/macbook/Shell_pro/Portal_App/ios/Pods/StripePaymentSheet/StripePaymentSheet/StripePaymentSheet/Source/PaymentSheet/ViewControllers/PaymentSheetFlowControllerViewController.swift /Users/fazalazim/macbook/Shell_pro/Portal_App/ios/Pods/StripePaymentSheet/StripePaymentSheet/StripePaymentSheet/Source/PaymentSheet/PaymentSheetFormFactory/PaymentSheetFormFactory.swift /Users/fazalazim/macbook/Shell_pro/Portal_App/ios/Pods/StripePaymentSheet/StripePaymentSheet/StripePaymentSheet/Source/PaymentSheet/PaymentSheetFormFactory/PaymentSheetFormFactory+BLIK.swift /Users/fazalazim/macbook/Shell_pro/Portal_App/ios/Pods/StripePaymentSheet/StripePaymentSheet/StripePaymentSheet/Source/PaymentSheet/PaymentSheetFormFactory/PaymentSheetFormFactory+Boleto.swift /Users/fazalazim/macbook/Shell_pro/Portal_App/ios/Pods/StripePaymentSheet/StripePaymentSheet/StripePaymentSheet/Source/PaymentSheet/PaymentSheetFormFactory/PaymentSheetFormFactory+Card.swift /Users/fazalazim/macbook/Shell_pro/Portal_App/ios/Pods/StripePaymentSheet/StripePaymentSheet/StripePaymentSheet/Source/PaymentSheet/PaymentSheetFormFactory/PaymentSheetFormFactory+FormSpec.swift (in target 'StripePaymentSheet' from project 'Pods')
error .swift (in target 'StripePaymentSheet' from project 'Pods')
error .swift,\ FCLiteErrorView.swift,\ FCLiteImplementation.swift,\ FCLiteManifest.swift,\ FCLiteModalPresentationWrapper.swift,\ FCLiteSession.swift,\ FinancialConnectionsLite.swift,\ FixedHeightPresentationController.swift,\ FixedHeightTransitionDelegate.swift,\ FormElement+Link.swift,\ FormHeaderView.swift,\ FormSpec.swift,\ FormSpecProvider.swift,\ HostedSurface.swift,\ Images.swift,\ InstantDebitsOnlyFinancialConnectionsAuthManager.swift,\ InstantDebitsPaymentMethodElement.swift,\ Intent.swift /Users/fazalazim/macbook/Shell_pro/Portal_App/ios/Pods/StripePaymentSheet/StripePaymentSheet/StripePaymentSheet/Source/Internal/API\ Bindings/v1-elements-sessions/ExternalPaymentMethod.swift /Users/fazalazim/macbook/Shell_pro/Portal_App/ios/Pods/StripePaymentSheet/StripePaymentSheet/StripePaymentSheet/Source/PaymentSheet/ExternalPaymentOption.swift /Users/fazalazim/macbook/Shell_pro/Portal_App/ios/Pods/StripePaymentSheet/StripePaymentSheet/StripePaymentSheet/Source/Internal/FC\ Lite/API\ Client/FCLiteApiClient.swift /Users/fazalazim/macbook/Shell_pro/Portal_App/ios/Pods/StripePaymentSheet/StripePaymentSheet/StripePaymentSheet/Source/Internal/FC\ Lite/Controllers/FCLiteAuthFlowViewController.swift /Users/fazalazim/macbook/Shell_pro/Portal_App/ios/Pods/StripePaymentSheet/StripePaymentSheet/StripePaymentSheet/Source/Internal/FC\ Lite/Helpers/FCLiteColor.swift /Users/fazalazim/macbook/Shell_pro/Portal_App/ios/Pods/StripePaymentSheet/StripePaymentSheet/StripePaymentSheet/Source/Internal/FC\ Lite/Controllers/FCLiteContainerViewController.swift /Users/fazalazim/macbook/Shell_pro/Portal_App/ios/Pods/StripePaymentSheet/StripePaymentSheet/StripePaymentSheet/Source/Internal/FC\ Lite/Helpers/FCLiteError.swift /Users/fazalazim/macbook/Shell_pro/Portal_App/ios/Pods/StripePaymentSheet/StripePaymentSheet/StripePaymentSheet/Source/Internal/FC\ Lite/Helpers/FCLiteErrorView.swift /Users/fazalazim/macbook/Shell_pro/Portal_App/ios/Pods/StripePaymentSheet/StripePaymentSheet/StripePaymentSheet/Source/Internal/FC\ Lite/FCLiteImplementation.swift /Users/fazalazim/macbook/Shell_pro/Portal_App/ios/Pods/StripePaymentSheet/StripePaymentSheet/StripePaymentSheet/Source/Internal/FC\ Lite/Models/FCLiteManifest.swift /Users/fazalazim/macbook/Shell_pro/Portal_App/ios/Pods/StripePaymentSheet/StripePaymentSheet/StripePaymentSheet/Source/Internal/FC\ Lite/Helpers/FCLiteModalPresentationWrapper.swift /Users/fazalazim/macbook/Shell_pro/Portal_App/ios/Pods/StripePaymentSheet/StripePaymentSheet/StripePaymentSheet/Source/Internal/FC\ Lite/Models/FCLiteSession.swift /Users/fazalazim/macbook/Shell_pro/Portal_App/ios/Pods/StripePaymentSheet/StripePaymentSheet/StripePaymentSheet/Source/Internal/FC\ Lite/FinancialConnectionsLite.swift /Users/fazalazim/macbook/Shell_pro/Portal_App/ios/Pods/StripePaymentSheet/StripePaymentSheet/StripePaymentSheet/Source/Internal/ECE/FixedHeightPresentationController.swift /Users/fazalazim/macbook/Shell_pro/Portal_App/ios/Pods/StripePaymentSheet/StripePaymentSheet/StripePaymentSheet/Source/Internal/ECE/FixedHeightTransitionDelegate.swift /Users/fazalazim/macbook/Shell_pro/Portal_App/ios/Pods/StripePaymentSheet/StripePaymentSheet/StripePaymentSheet/Source/Internal/Link/Extensions/FormElement+Link.swift /Users/fazalazim/macbook/Shell_pro/Portal_App/ios/Pods/StripePaymentSheet/StripePaymentSheet/StripePaymentSheet/Source/PaymentSheet/Vertical\ Main\ Screen/FormHeaderView.swift /Users/fazalazim/macbook/Shell_pro/Portal_App/ios/Pods/StripePaymentSheet/StripePaymentSheet/StripePaymentSheet/Source/PaymentSheet/PaymentSheetFormFactory/FormSpec/FormSpec.swift /Users/fazalazim/macbook/Shell_pro/Portal_App/ios/Pods/StripePaymentSheet/StripePaymentSheet/StripePaymentSheet/Source/PaymentSheet/PaymentSheetFormFactory/FormSpec/FormSpecProvider.swift /Users/fazalazim/macbook/Shell_pro/Portal_App/ios/Pods/StripePaymentSheet/StripePaymentSheet/StripePaymentSheet/Source/PaymentSheet/Elements/CardSection/HostedSurface.swift /Users/fazalazim/macbook/Shell_pro/Portal_App/ios/Pods/StripePaymentSheet/StripePaymentSheet/StripePaymentSheet/Source/Helpers/Images.swift /Users/fazalazim/macbook/Shell_pro/Portal_App/ios/Pods/StripePaymentSheet/StripePaymentSheet/StripePaymentSheet/Source/Internal/Link/ACH/InstantDebitsOnlyFinancialConnectionsAuthManager.swift /Users/fazalazim/macbook/Shell_pro/Portal_App/ios/Pods/StripePaymentSheet/StripePaymentSheet/StripePaymentSheet/Source/PaymentSheet/USBankAccount/InstantDebitsPaymentMethodElement.swift /Users/fazalazim/macbook/Shell_pro/Portal_App/ios/Pods/StripePaymentSheet/StripePaymentSheet/StripePaymentSheet/Source/PaymentSheet/Intent.swift (in target 'StripePaymentSheet' from project 'Pods')
error .swift, FinancialConnectionsSynchronize.swift, FinancialConnectionsWebFlowViewController.swift, FlowRouter.swift, GenericInfoBodyView.swift, GenericInfoFooterView.swift, GenericInfoViewController.swift, Helpers.swift, HitTestStackView.swift, HitTestView.swift, HostController.swift (in target 'StripeFinancialConnections' from project 'Pods')
error .swift, FCLiteErrorView.swift, FCLiteImplementation.swift, FCLiteManifest.swift, FCLiteModalPresentationWrapper.swift, FCLiteSession.swift, FinancialConnectionsLite.swift, FixedHeightPresentationController.swift, FixedHeightTransitionDelegate.swift, FormElement+Link.swift, FormHeaderView.swift, FormSpec.swift, FormSpecProvider.swift, HostedSurface.swift, Images.swift, InstantDebitsOnlyFinancialConnectionsAuthManager.swift, InstantDebitsPaymentMethodElement.swift, Intent.swift (in target 'StripePaymentSheet' from project 'Pods')
error .swift /Users/fazalazim/macbook/Shell_pro/Portal_App/ios/Pods/StripePaymentSheet/StripePaymentSheet/StripePaymentSheet/Source/PaymentSheet/Views/CardScanningView.swift /Users/fazalazim/macbook/Shell_pro/Portal_App/ios/Pods/StripePaymentSheet/StripePaymentSheet/StripePaymentSheet/Source/PaymentSheet/Elements/CardSection/CardSectionElement.swift /Users/fazalazim/macbook/Shell_pro/Portal_App/ios/Pods/StripePaymentSheet/StripePaymentSheet/StripePaymentSheet/Source/PaymentSheet/Elements/CardSection/CardSectionWithScannerView.swift /Users/fazalazim/macbook/Shell_pro/Portal_App/ios/Pods/StripePaymentSheet/StripePaymentSheet/StripePaymentSheet/Source/PaymentSheet/Views/CircularButton.swift /Users/fazalazim/macbook/Shell_pro/Portal_App/ios/Pods/StripePaymentSheet/StripePaymentSheet/StripePaymentSheet/Source/PaymentSheet/Views/ConfirmButton.swift /Users/fazalazim/macbook/Shell_pro/Portal_App/ios/Pods/StripePaymentSheet/StripePaymentSheet/StripePaymentSheet/Source/Internal/Link/Extensions/ConfirmButton+Link.swift /Users/fazalazim/macbook/Shell_pro/Portal_App/ios/Pods/StripePaymentSheet/StripePaymentSheet/StripePaymentSheet/Source/PaymentSheet/Elements/ConnectionsElement.swift /Users/fazalazim/macbook/Shell_pro/Portal_App/ios/Pods/StripePaymentSheet/StripePaymentSheet/StripePaymentSheet/Source/Internal/API\ Bindings/Link/ConsumerSession.swift /Users/fazalazim/macbook/Shell_pro/Portal_App/ios/Pods/StripePaymentSheet/StripePaymentSheet/StripePaymentSheet/Source/Internal/API\ Bindings/Link/ConsumerSession+LookupResponse.swift /Users/fazalazim/macbook/Shell_pro/Portal_App/ios/Pods/StripePaymentSheet/StripePaymentSheet/StripePaymentSheet/Source/Internal/API\ Bindings/Link/ConsumerSession+PublishableKey.swift /Users/fazalazim/macbook/Shell_pro/Portal_App/ios/Pods/StripePaymentSheet/StripePaymentSheet/StripePaymentSheet/Source/PaymentSheet/CustomerAdapter/CustomerAdapter.swift /Users/fazalazim/macbook/Shell_pro/Portal_App/ios/Pods/StripePaymentSheet/StripePaymentSheet/StripePaymentSheet/Source/PaymentSheet/CustomerSheet/CustomerAddPaymentMethodViewController.swift /Users/fazalazim/macbook/Shell_pro/Portal_App/ios/Pods/StripePaymentSheet/StripePaymentSheet/StripePaymentSheet/Source/PaymentSheet/CustomerAdapter/CustomerPaymentOption.swift /Users/fazalazim/macbook/Shell_pro/Portal_App/ios/Pods/StripePaymentSheet/StripePaymentSheet/StripePaymentSheet/Source/PaymentSheet/CustomerSheet/CustomerSavedPaymentMethodsCollectionViewController.swift /Users/fazalazim/macbook/Shell_pro/Portal_App/ios/Pods/StripePaymentSheet/StripePaymentSheet/StripePaymentSheet/Source/PaymentSheet/CustomerSheet/CustomerSavedPaymentMethodsViewController.swift /Users/fazalazim/macbook/Shell_pro/Portal_App/ios/Pods/StripePaymentSheet/StripePaymentSheet/StripePaymentSheet/Source/Internal/API\ Bindings/v1-elements-sessions/CustomerSession.swift /Users/fazalazim/macbook/Shell_pro/Portal_App/ios/Pods/StripePaymentSheet/StripePaymentSheet/StripePaymentSheet/Source/PaymentSheet/CustomerSessionAdapter/CustomerSessionAdapter.swift /Users/fazalazim/macbook/Shell_pro/Portal_App/ios/Pods/StripePaymentSheet/StripePaymentSheet/StripePaymentSheet/Source/PaymentSheet/CustomerSheet/CustomerSheet.swift /Users/fazalazim/macbook/Shell_pro/Portal_App/ios/Pods/StripePaymentSheet/StripePaymentSheet/StripePaymentSheet/Source/PaymentSheet/CustomerSheet/CustomerSheet+API.swift /Users/fazalazim/macbook/Shell_pro/Portal_App/ios/Pods/StripePaymentSheet/StripePaymentSheet/StripePaymentSheet/Source/PaymentSheet/CustomerSheet/CustomerSheet+PaymentMethodAvailability.swift /Users/fazalazim/macbook/Shell_pro/Portal_App/ios/Pods/StripePaymentSheet/StripePaymentSheet/StripePaymentSheet/Source/PaymentSheet/CustomerSheet/CustomerSheet+SwiftUI.swift /Users/fazalazim/macbook/Shell_pro/Portal_App/ios/Pods/StripePaymentSheet/StripePaymentSheet/StripePaymentSheet/Source/PaymentSheet/CustomerSheet/CustomerSheetConfiguration.swift /Users/fazalazim/macbook/Shell_pro/Portal_App/ios/Pods/StripePaymentSheet/StripePaymentSheet/StripePaymentSheet/Source/PaymentSheet/CustomerSheet/CustomerSheetDataSource.swift /Users/fazalazim/macbook/Shell_pro/Portal_App/ios/Pods/StripePaymentSheet/StripePaymentSheet/StripePaymentSheet/Source/PaymentSheet/CustomerSheet/CustomerSheetError.swift (in target 'StripePaymentSheet' from project 'Pods')
error /ErrorDataSource.swift /Users/fazalazim/macbook/Shell_pro/Portal_App/ios/Pods/StripeFinancialConnections/StripeFinancialConnections/StripeFinancialConnections/Source/Native/Error/ErrorViewController.swift (in target 'StripeFinancialConnections' from project 'Pods')
error /ErrorDataSource.swift (in target 'StripeFinancialConnections' from project 'Pods')
error /ErrorViewController.swift (in target 'StripeFinancialConnections' from project 'Pods')
error \=non-modular-include-in-framework-module -Wno-trigraphs -Wno-missing-field-initializers -Wno-missing-prototypes -Werror\=return-type -Wdocumentation -Wunreachable-code -Werror\=deprecated-objc-isa-usage -Werror\=objc-root-class -Wno-non-virtual-dtor -Wno-overloaded-virtual -Wno-exit-time-destructors -Wno-missing-braces -Wparentheses -Wswitch -Wunused-function -Wno-unused-label -Wno-unused-parameter -Wunused-variable -Wunused-value -Wempty-body -Wuninitialized -Wconditional-uninitialized -Wno-unknown-pragmas -Wno-shadow -Wno-four-char-constants -Wno-conversion -Wconstant-conversion -Wint-conversion -Wbool-conversion -Wenum-conversion -Wno-float-conversion -Wnon-literal-null-conversion -Wobjc-literal-conversion -Wshorten-64-to-32 -Wno-newline-eof -Wno-c++11-extensions -Wno-implicit-fallthrough -fstrict-aliasing -Wdeprecated-declarations -Winvalid-offsetof -Wno-sign-conversion -Winfinite-recursion -Wmove -Wcomma -Wblock-capture-autoreleasing -Wstrict-prototypes -Wrange-loop-analysis -Wno-semicolon-before-method-body -Wunguarded-availability -index-store-path /Users/fazalazim/Library/Developer/Xcode/DerivedData/portal-bakgnsackgonetajcjxmslqbqyuc/Index.noindex/DataStore -Wno-comma -Wno-shorten-64-to-32 -Wno-documentation @/Users/fazalazim/Library/Developer/Xcode/DerivedData/portal-bakgnsackgonetajcjxmslqbqyuc/Build/Intermediates.noindex/Pods.build/Debug-iphonesimulator/ReactCodegen.build/Objects-normal/arm64/82b82416624d2658e5098eb0a28c15c5-common-args.resp -DFOLLY_MOBILE\=1 -DFOLLY_USE_LIBCPP\=1 -DFOLLY_CFG_NO_COROUTINES\=1 -DFOLLY_HAVE_CLOCK_GETTIME\=1 -Wno-comma -Wno-shorten-64-to-32 -Wno-documentation -Wno-nullability-completeness -std\=c++20 -include /Users/fazalazim/macbook/Shell_pro/Portal_App/ios/Pods/Target\ Support\ Files/ReactCodegen/ReactCodegen-prefix.pch -MMD -MT dependencies -MF /Users/fazalazim/Library/Developer/Xcode/DerivedData/portal-bakgnsackgonetajcjxmslqbqyuc/Build/Intermediates.noindex/Pods.build/Debug-iphonesimulator/ReactCodegen.build/Objects-normal/arm64/ComponentDescriptors-7561b3df706f206a2d98cdb3f41d6d99.d --serialize-diagnostics /Users/fazalazim/Library/Developer/Xcode/DerivedData/portal-bakgnsackgonetajcjxmslqbqyuc/Build/Intermediates.noindex/Pods.build/Debug-iphonesimulator/ReactCodegen.build/Objects-normal/arm64/ComponentDescriptors-7561b3df706f206a2d98cdb3f41d6d99.dia -c /Users/fazalazim/macbook/Shell_pro/Portal_App/ios/build/generated/ios/react/renderer/components/RNDateTimePickerCGen/ComponentDescriptors.cpp -o /Users/fazalazim/Library/Developer/Xcode/DerivedData/portal-bakgnsackgonetajcjxmslqbqyuc/Build/Intermediates.noindex/Pods.build/Debug-iphonesimulator/ReactCodegen.build/Objects-normal/arm64/ComponentDescriptors-7561b3df706f206a2d98cdb3f41d6d99.o -index-unit-output-path /Pods.build/Debug-iphonesimulator/ReactCodegen.build/Objects-normal/arm64/ComponentDescriptors-7561b3df706f206a2d98cdb3f41d6d99.o
error Build input file cannot be found: '/Users/fazalazim/macbook/Shell_pro/Portal_App/ios/build/generated/ios/react/renderer/components/RNDateTimePickerCGen/ComponentDescriptors.cpp'. Did you forget to declare this file as an output of a script phase or custom build rule which produces it? (in target 'ReactCodegen' from project 'Pods')
error \=non-modular-include-in-framework-module -Wno-trigraphs -Wno-missing-field-initializers -Wno-missing-prototypes -Werror\=return-type -Wdocumentation -Wunreachable-code -Wno-implicit-atomic-properties -Werror\=deprecated-objc-isa-usage -Wno-objc-interface-ivars -Werror\=objc-root-class -Wno-arc-repeated-use-of-weak -Wimplicit-retain-self -Wno-non-virtual-dtor -Wno-overloaded-virtual -Wno-exit-time-destructors -Wduplicate-method-match -Wno-missing-braces -Wparentheses -Wswitch -Wunused-function -Wno-unused-label -Wno-unused-parameter -Wunused-variable -Wunused-value -Wempty-body -Wuninitialized -Wconditional-uninitialized -Wno-unknown-pragmas -Wno-shadow -Wno-four-char-constants -Wno-conversion -Wconstant-conversion -Wint-conversion -Wbool-conversion -Wenum-conversion -Wno-float-conversion -Wnon-literal-null-conversion -Wobjc-literal-conversion -Wshorten-64-to-32 -Wno-newline-eof -Wno-selector -Wno-strict-selector-match -Wundeclared-selector -Wdeprecated-implementations -Wno-c++11-extensions -Wno-implicit-fallthrough -fstrict-aliasing -Wprotocol -Wdeprecated-declarations -Winvalid-offsetof -Wno-sign-conversion -Winfinite-recursion -Wmove -Wcomma -Wblock-capture-autoreleasing -Wstrict-prototypes -Wrange-loop-analysis -Wno-semicolon-before-method-body -Wunguarded-availability -index-store-path /Users/fazalazim/Library/Developer/Xcode/DerivedData/portal-bakgnsackgonetajcjxmslqbqyuc/Index.noindex/DataStore @/Users/fazalazim/Library/Developer/Xcode/DerivedData/portal-bakgnsackgonetajcjxmslqbqyuc/Build/Intermediates.noindex/Pods.build/Debug-iphonesimulator/ReactAppDependencyProvider.build/Objects-normal/arm64/af3fcb34312c57c0f52879cdce924b91-common-args.resp -include /Users/fazalazim/macbook/Shell_pro/Portal_App/ios/Pods/Target\ Support\ Files/ReactAppDependencyProvider/ReactAppDependencyProvider-prefix.pch -MMD -MT dependencies -MF /Users/fazalazim/Library/Developer/Xcode/DerivedData/portal-bakgnsackgonetajcjxmslqbqyuc/Build/Intermediates.noindex/Pods.build/Debug-iphonesimulator/ReactAppDependencyProvider.build/Objects-normal/arm64/RCTAppDependencyProvider.d --serialize-diagnostics /Users/fazalazim/Library/Developer/Xcode/DerivedData/portal-bakgnsackgonetajcjxmslqbqyuc/Build/Intermediates.noindex/Pods.build/Debug-iphonesimulator/ReactAppDependencyProvider.build/Objects-normal/arm64/RCTAppDependencyProvider.dia -c /Users/fazalazim/macbook/Shell_pro/Portal_App/ios/build/generated/ios/RCTAppDependencyProvider.mm -o /Users/fazalazim/Library/Developer/Xcode/DerivedData/portal-bakgnsackgonetajcjxmslqbqyuc/Build/Intermediates.noindex/Pods.build/Debug-iphonesimulator/ReactAppDependencyProvider.build/Objects-normal/arm64/RCTAppDependencyProvider.o -index-unit-output-path /Pods.build/Debug-iphonesimulator/ReactAppDependencyProvider.build/Objects-normal/arm64/RCTAppDependencyProvider.o
error Build input file cannot be found: '/Users/fazalazim/macbook/Shell_pro/Portal_App/ios/build/generated/ios/RCTAppDependencyProvider.mm'. Did you forget to declare this file as an output of a script phase or custom build rule which produces it? (in target 'ReactAppDependencyProvider' from project 'Pods')
node:internal/process/promises:392
      new UnhandledPromiseRejection(reason);
      ^

UnhandledPromiseRejection: This error originated either by throwing inside of an async function without a catch block, or by rejecting a promise which was not handled with .catch(). The promise rejected with the reason "Error: Failed to build ios project. "xcodebuild" exited with error code '65'. To debug build logs further, consider building your app with Xcode.app, by opening 'portal.xcworkspace'.".
    at throwUnhandledRejectionsMode (node:internal/process/promises:392:7)
    at processPromiseRejections (node:internal/process/promises:475:17)
    at process.processTicksAndRejections (node:internal/process/task_queues:106:32) {
  code: 'ERR_UNHANDLED_REJECTION'
}

Node.js v24.9.0
